id,name,short_name,category,count,total_ms,avg_us,min_us,max_us
41,ncclDevKernel_SendRecv(ncclDevKernelArgsStorage<(unsigned long)4096>),ncclDevKernel_SendRecv,nccl_sync,40,4166.515706,104162.89265000001,152.898,950261.538
58,"void cutlass::device_kernel<cutlass::gemm::kernel::GemmUniversal<cutlass::gemm::GroupProblemShape<cute::tuple<int, int, int>>, cutlass::gemm::collective::CollectiveMma<cutlass::gemm::MainloopSm100ArrayTmaUmmaWarpSpecializedBlockwiseScaling<(int)6, (int)1, (int)4, cute::tuple<cute::C<(int)1>, cute::C<(int)1>, cute::C<(int)1>>>, cute::tuple<cute::C<(int)128>, cute::C<(int)128>, cute::C<(int)128>>, cutlass::float_e4m3_t, cute::tuple<cute::tuple<long, cute::C<(int)1>, cute::C<(int)0>> *, cute::Layout<cute::tuple<cute::tuple<cute::C<(int)1>, int>, cute::tuple<cute::C<(int)128>, int>, int>, cute::tuple<cute::tuple<cute::C<(int)0>, int>, cute::tuple<cute::C<(int)0>, cute::C<(int)1>>, int>> *>, cutlass::float_e4m3_t, cute::tuple<cute::tuple<long, cute::C<(int)1>, cute::C<(int)0>> *, cute::Layout<cute::tuple<cute::tuple<cute::C<(int)128>, int>, cute::tuple<cute::C<(int)128>, int>, int>, cute::tuple<cute::tuple<cute::C<(int)0>, int>, cute::tuple<cute::C<(int)0>, cute::C<(int)1>>, int>> *>, cute::TiledMMA<cute::MMA_Atom<cute::MMA_Traits<cute::SM100_MMA_F8F6F4_SS, cutlass::float_e4m3_t, cutlass::float_e4m3_t, float, cute::C<(int)128>, cute::C<(int)128>, cute::integral_constant<cute::UMMA::Major, (cute::UMMA::Major)0>, cute::integral_constant<cute::UMMA::Major, (cute::UMMA::Major)0>, cute::integral_constant<cute::UMMA::ScaleIn, (cute::UMMA::ScaleIn)0>, cute::integral_constant<cute::UMMA::ScaleIn, (cute::UMMA::ScaleIn)0>>>, cute::Layout<cute::tuple<cute::C<(int)1>, cute::C<(int)1>, cute::C<(int)1>>, cute::tuple<cute::C<(int)0>, cute::C<(int)0>, cute::C<(int)0>>>, cute::tuple<cute::Underscore, cute::Underscore, cute::Underscore>>, cute::tuple<cute::SM90_TMA_LOAD, cute::TiledCopy<cute::Copy_Atom<cute::SM80_CP_ASYNC_CACHEALWAYS<float, float>, float>, cute::Layout<cute::tuple<cute::C<(int)32>, cute::C<(int)1>>, cute::tuple<cute::C<(int)1>, cute::C<(int)0>>>, cute::tuple<cute::C<(int)32>>>>, cute::ComposedLayout<cute::Swizzle<(int)3, (int)4, (int)3>, cute::smem_ptr_flag_bits<(int)8>, cute::Layout<cute::tuple<cute::C<(int)8>, cute::C<(int)128>>, cute::tuple<cute::C<(int)128>, cute::C<(int)1>>>>, void, cute::identity, cute::tuple<cute::SM90_TMA_LOAD, cute::TiledCopy<cute::Copy_Atom<cute::SM80_CP_ASYNC_CACHEALWAYS<float, float>, float>, cute::Layout<cute::tuple<cute::C<(int)32>, cute::C<(int)1>>, cute::tuple<cute::C<(int)1>, cute::C<(int)0>>>, cute::tuple<cute::C<(int)32>>>>, cute::ComposedLayout<cute::Swizzle<(int)3, (int)4, (int)3>, cute::smem_ptr_flag_bits<(int)8>, cute::Layout<cute::tuple<cute::C<(int)8>, cute::C<(int)128>>, cute::tuple<cute::C<(int)128>, cute::C<(int)1>>>>, void, cute::identity>, cutlass::epilogue::collective::CollectiveEpilogue<cutlass::epilogue::Sm100PtrArrayTmaWarpSpecialized<(int)4, (int)2, (int)32, (bool)0, (bool)0>, cute::tuple<cute::C<(int)128>, cute::C<(int)128>, cute::C<(int)128>>, cute::tuple<cute::Layout<cute::C<(int)128>, cute::C<(int)1>>, cute::Layout<cute::C<(int)32>, cute::C<(int)1>>>, void, cute::tuple<long, cute::C<(int)1>, cute::C<(int)0>> *, cutlass::bfloat16_t, cute::tuple<long, cute::C<(int)1>, cute::C<(int)0>> *, cutlass::epilogue::fusion::FusionCallbacks<cutlass::epilogue::Sm100PtrArrayTmaWarpSpecialized<(int)4, (int)2, (int)32, (bool)0, (bool)0>, cutlass::epilogue::fusion::LinearCombination<cutlass::bfloat16_t, float, void, float, (cutlass::FloatRoundStyle)2>, cute::tuple<cute::C<(int)128>, cute::C<(int)128>, cute::C<(int)128>>, cute::tuple<cute::Layout<cute::C<(int)128>, cute::C<(int)1>>, cute::Layout<cute::C<(int)32>, cute::C<(int)1>>>, >, cute::SM100::TMEM::LOAD::SM100_TMEM_LOAD_32dp32b32x, cute::SM90_TMA_LOAD, cute::ComposedLayout<cute::Swizzle<(int)2, (int)4, (int)3>, cute::smem_ptr_flag_bits<(int)16>, cute::Layout<cute::tuple<cute::C<(int)8>, cute::C<(int)32>>, cute::tuple<cute::C<(int)32>, cute::C<(int)1>>>>, cute::AutoVectorizingCopyWithAssumedAlignment<(int)128>, cute::SM90_TMA_STORE, cute::ComposedLayout<cute::Swizzle<(int)2, (int)4, (int)3>, cute::smem_ptr_flag_bits<(int)16>, cute::Layout<cute::tuple<cute::C<(int)8>, cute::C<(int)32>>, cute::tuple<cute::C<(int)32>, cute::C<(int)1>>>>, cute::AutoVectorizingCopyWithAssumedAlignment<(int)128>, cute::AutoVectorizingCopyWithAssumedAlignment<(int)128>>, void, void>>(T1::Params)",device_kernel,gemm_moe,150,516.410667,3442.73778,2353.108,4554.471
37,fmhaSm100fKernel_QkvE4m3OBfloat16HQk576HV512PagedKvDenseStaticTokenSparseP1VarSeqQ64Kv128PersistentKeepsAbForGen,fmhaSm100fKernel_QkvE4m3OBfloat16HQk576HV512PagedKvDenseStaticTokenSparseP1VarSeqQ64Kv128PersistentKeepsAbForGen,attention,78,245.043989,3141.5896025641023,2893.251,3420.349
22,"void deep_gemm::sm100_fp8_fp4_gemm_1d1d_impl<(cute::UMMA::Major)0, (cute::UMMA::Major)0, (unsigned int)128, (unsigned int)128, (unsigned int)0, (unsigned int)0, (unsigned int)0, (unsigned int)240, (unsigned int)128, (unsigned int)128, (unsigned int)1, (unsigned int)128, (unsigned int)128, (unsigned int)128, (unsigned int)6, (unsigned int)128, (unsigned int)128, (unsigned int)2, (bool)1, (unsigned int)148, (bool)1, (deep_gemm::GemmType)0, (bool)0, cutlass::float_e4m3_t, cutlass::float_e4m3_t, cutlass::bfloat16_t, deep_gemm::epilogue::transform::EpilogueIdentity>(int *, unsigned int, unsigned int, unsigned int, CUtensorMap_st, CUtensorMap_st, CUtensorMap_st, CUtensorMap_st, CUtensorMap_st)",sm100_fp8_fp4_gemm_1d1d_impl,gemm_moe,183,108.127079,590.8583551912568,81.409,1449.744
44,"void at::native::sbtopk::gatherTopK<float, unsigned int, (int)2, (bool)0>(at::cuda::detail::TensorInfo<const T1, T2>, T2, T2, bool, T2, T2, at::cuda::detail::TensorInfo<T1, T2>, T2, at::cuda::detail::TensorInfo<long, T2>, T2, T1 *)",gatherTopK,moe_routing,225,37.156256,165.13891555555554,11.392,298.787
35,"void flashinfer::RopeQuantizeKernel<(bool)1, (unsigned int)16, (unsigned int)1, __nv_bfloat16, long, __nv_fp8_e4m3>(T4 *, T4 *, T4 *, T4 *, T6 *, T6 *, T6 *, T6 *, float *, T5 *, unsigned int, unsigned int, unsigned int, unsigned int, unsigned int, unsigned long, unsigned long, unsigned long, unsigned long, unsigned long, unsigned long, unsigned long, unsigned long, unsigned long, unsigned long, unsigned long, unsigned long, unsigned long, unsigned long, unsigned long, unsigned long, float, float)",RopeQuantizeKernel,norm_rope_quant,78,31.874579,408.64844871794867,392.548,426.307
55,"void shuffleRowsKernel<__nv_fp8_e4m3>(const T1 *, const int *, T1 *, long, long, long)",shuffleRowsKernel,moe_routing,75,24.744472,329.9262933333333,305.731,354.883
60,"void apply_shuffle_mul_sum_kernel<__nv_bfloat16>(const T1 *, T1 *, const int *, int, int, int, const T1 *)",apply_shuffle_mul_sum_kernel,moe_routing,75,24.273339,323.64452,318.018,328.482
40,"void <unnamed>::act_and_mul_kernel<__nv_bfloat16, (<unnamed>::ActivationKind)0, (bool)1, (bool)0>(<unnamed>::ActivationParams)",act_and_mul_kernel,memory_elementwise,78,23.471501,300.9166794871795,187.618,330.211
34,nvjet_sm103_tst_256x256_64x4_2x1_2cta_v_bz_TNT,nvjet_sm103_tst_256x256_64x4_2x1_2cta_v_bz_TNT,gemm_moe,78,20.140027,258.20547435897436,235.362,279.522
38,nvjet_sm103_tst_128x256_64x6_2x1_2cta_v_bz_TNT,nvjet_sm103_tst_128x256_64x6_2x1_2cta_v_bz_TNT,gemm_moe,78,19.987579,256.2510128205128,251.235,265.379
18,"void <unnamed>::per_token_group_quant_8bit_v2_kernel<<unnamed>::NaiveScheduler, (int)128, (int)8, __nv_bfloat16, __nv_fp8_e4m3, (bool)1, (bool)1, (bool)0, (bool)1, unsigned int>(const T4 *, T5 *, T10 *, const int *, int, int, int, int, int)",per_token_group_quant_8bit_v2_kernel,gemm_moe,282,19.665647,69.73633687943263,19.008,157.153
39,kernel_cutlass_kernel_flashinfernormkernelsfused_add_rmsnormFusedAddRMSNormKernel_object_at__tensorptrbf16gmemalign128o614461441_tensorptrbf16gmemalign128o614461441_tensorptrbf16gmemalign_0,kernel_cutlass_kernel_flashinfernormkernelsfused_add_rmsnormFusedAddRMSNormKernel_object_at__tensorptrbf16gmemalign128o614461441_tensorptrbf16gmemalign128o614461441_tensorptrbf16gmemalign_0,norm_rope_quant,156,18.457381,118.31654487179487,115.905,121.76
54,"void <unnamed>::per_token_group_quant_8bit_v2_kernel<<unnamed>::NaiveScheduler, (int)128, (int)8, __nv_bfloat16, __nv_fp8_e4m3, (bool)0, (bool)0, (bool)0, (bool)1, float>(const T4 *, T5 *, T10 *, const int *, int, int, int, int, int)",per_token_group_quant_8bit_v2_kernel,gemm_moe,150,16.647035,110.98023333333333,52.801,173.409
33,"<unnamed>::topk_transform_prefill_kernel(<unnamed>::FastTopKParams, int *, const int *, long, const int *, long)",topk_transform_prefill_kernel,moe_routing,21,16.120764,767.6554285714285,591.718,902.374
53,"compute_arg_sorts(const int *, int *, int *, int *, long, long)",compute_arg_sorts,moe_routing,75,14.219077,189.58769333333333,132.065,228.834
19,"void deep_gemm::sm100_fp8_fp4_gemm_1d1d_impl<(cute::UMMA::Major)0, (cute::UMMA::Major)0, (unsigned int)128, (unsigned int)128, (unsigned int)0, (unsigned int)0, (unsigned int)0, (unsigned int)128, (unsigned int)224, (unsigned int)128, (unsigned int)1, (unsigned int)128, (unsigned int)128, (unsigned int)64, (unsigned int)6, (unsigned int)128, (unsigned int)128, (unsigned int)2, (bool)0, (unsigned int)148, (bool)0, (deep_gemm::GemmType)0, (bool)0, cutlass::float_e4m3_t, cutlass::float_e4m3_t, cutlass::bfloat16_t, deep_gemm::epilogue::transform::EpilogueIdentity>(int *, unsigned int, unsigned int, unsigned int, CUtensorMap_st, CUtensorMap_st, CUtensorMap_st, CUtensorMap_st, CUtensorMap_st)",sm100_fp8_fp4_gemm_1d1d_impl,gemm_moe,78,13.297735,170.48378205128205,156.13,182.369
32,"void deep_gemm::sm100_fp8_mqa_logits<(unsigned int)32, (unsigned int)128, (bool)0, (unsigned int)4, (unsigned int)256, (unsigned int)3, (unsigned int)3, (unsigned int)147, (unsigned int)128, (unsigned int)256, float, (unsigned int)2>(unsigned int, unsigned int, unsigned int, unsigned int, unsigned int *, unsigned int *, T11 *, CUtensorMap_st, CUtensorMap_st, CUtensorMap_st, CUtensorMap_st)",sm100_fp8_mqa_logits,attention,19,10.291635,541.665,509.028,601.733
56,"void shuffleRowsKernel<float>(const T1 *, const int *, T1 *, long, long, long)",shuffleRowsKernel,moe_routing,75,9.181989,122.42652000000001,112.641,131.265
26,"void <unnamed>::fast_hadamard_transform_kernel<<unnamed>::FastHadamardKernelTraits<(int)16, (int)7, __nv_bfloat16>>(HadamardParamsBase)",fast_hadamard_transform_kernel,other,42,6.219887,148.09254761904762,10.08,304.77
51,"compute_problem_sizes(const int *, int *, int *, int *, long, long, long)",compute_problem_sizes,moe_routing,75,5.04202,67.22693333333333,60.256,74.209
42,nvjet_sm103_tst_128x256_64x6_2x2_2cta_h_bz_TNT,nvjet_sm103_tst_128x256_64x6_2x2_2cta_h_bz_TNT,gemm_moe,75,3.545468,47.27290666666667,45.409,50.305
45,"void at::native::bitonicSortKVInPlace<(int)2, (int)-1, (int)16, (int)16, float, long, at::native::GTOp<float, (bool)1>, unsigned int>(at::cuda::detail::TensorInfo<T5, T8>, T8, T8, T8, at::cuda::detail::TensorInfo<T6, T8>, T8, T7)",bitonicSortKVInPlace,other,150,2.540115,16.934099999999997,14.816,19.296
20,kernel_cutlass_kernel_flashinfernormkernelsrmsnormRMSNormKernel_object_at__tensorptrbf16gmemalign16o2048i64div81_tensorptrbf16gmemalign16o20481_tensorptrbf16gmemalign16o2048i64div81___Tru_0,kernel_cutlass_kernel_flashinfernormkernelsrmsnormRMSNormKernel_object_at__tensorptrbf16gmemalign16o2048i64div81_tensorptrbf16gmemalign16o20481_tensorptrbf16gmemalign16o2048i64div81___Tru_0,norm_rope_quant,78,1.666248,21.36215384615385,19.552,23.392
61,"void deep_gemm::sm100_fp8_mqa_logits<(unsigned int)32, (unsigned int)128, (bool)0, (unsigned int)4, (unsigned int)256, (unsigned int)3, (unsigned int)3, (unsigned int)148, (unsigned int)128, (unsigned int)256, float, (unsigned int)2>(unsigned int, unsigned int, unsigned int, unsigned int, unsigned int *, unsigned int *, T11 *, CUtensorMap_st, CUtensorMap_st, CUtensorMap_st, CUtensorMap_st)",sm100_fp8_mqa_logits,attention,2,1.106535,553.2675,509.731,596.804
43,triton_poi_fused_add_sigmoid_unsqueeze_0,triton_poi_fused_add_sigmoid_unsqueeze_0,memory_elementwise,75,1.091919,14.55892,10.369,21.024
47,triton_poi_fused__to_copy_arange_bitwise_not_eq_expand_masked_fill_scalar_tensor_unsqueeze_view_where_2,triton_poi_fused__to_copy_arange_bitwise_not_eq_expand_masked_fill_scalar_tensor_unsqueeze_view_where_2,memory_elementwise,75,1.018375,13.578333333333333,9.792,20.544
52,"compute_expert_offsets(const int *, int *, int *, long)",compute_expert_offsets,moe_routing,75,0.908326,12.111013333333334,8.224,16.448
29,nvjet_sm103_tss_32x128_64x10_1x4_h_bz_TNN,nvjet_sm103_tss_32x128_64x10_1x4_h_bz_TNN,gemm_moe,21,0.848453,40.40252380952381,39.36,41.44
27,_act_quant_kernel,_act_quant_kernel,norm_rope_quant,21,0.768391,36.59004761904762,33.824,40.672
21,kernel_cutlass_kernel_flashinfernormkernelsrmsnormRMSNormKernel_object_at__tensorptrbf16gmemalign16o512i64div81_tensorptrbf16gmemalign16o5121_tensorptrbf16gmemalign16o512i64div81___True_4_0,kernel_cutlass_kernel_flashinfernormkernelsrmsnormRMSNormKernel_object_at__tensorptrbf16gmemalign16o512i64div81_tensorptrbf16gmemalign16o5121_tensorptrbf16gmemalign16o512i64div81___True_4_0,norm_rope_quant,78,0.642024,8.231076923076923,7.521,9.28
8,"void at::native::vectorized_elementwise_kernel<(int)4, at::native::FillFunctor<int>, std::array<char *, (unsigned long)1>>(int, T2, T3)",vectorized_elementwise_kernel,memory_elementwise,128,0.564707,4.4117734375,0.928,21.248
48,triton_red_fused_copy_gather_select_sigmoid_slice_sum_3,triton_red_fused_copy_gather_select_sigmoid_slice_sum_3,memory_elementwise,75,0.514627,6.861693333333333,6.24,7.392
23,"void deep_gemm::sm100_fp8_fp4_gemm_1d1d_impl<(cute::UMMA::Major)0, (cute::UMMA::Major)0, (unsigned int)128, (unsigned int)128, (unsigned int)0, (unsigned int)0, (unsigned int)0, (unsigned int)128, (unsigned int)128, (unsigned int)128, (unsigned int)1, (unsigned int)128, (unsigned int)128, (unsigned int)128, (unsigned int)7, (unsigned int)128, (unsigned int)128, (unsigned int)2, (bool)0, (unsigned int)148, (bool)0, (deep_gemm::GemmType)0, (bool)0, cutlass::float_e4m3_t, cutlass::float_e4m3_t, cutlass::bfloat16_t, deep_gemm::epilogue::transform::EpilogueIdentity>(int *, unsigned int, unsigned int, unsigned int, CUtensorMap_st, CUtensorMap_st, CUtensorMap_st, CUtensorMap_st, CUtensorMap_st)",sm100_fp8_fp4_gemm_1d1d_impl,gemm_moe,21,0.484518,23.072285714285712,21.792,25.12
36,"void <unnamed>::set_mla_kv_buffer_kernel<(long)512, (long)64, (int)8, (bool)1, long>(<unnamed>::SetMlaKVBufferParams)",set_mla_kv_buffer_kernel,attention,78,0.453733,5.817089743589743,5.216,6.72
25,"void <unnamed>::fused_rope_kernel<(bool)0, (long)64, (bool)1, __nv_bfloat16, long, (unsigned int)8>(<unnamed>::FusedRopeParams)",fused_rope_kernel,norm_rope_quant,21,0.444356,21.15980952380952,20.064,22.528
57,"void get_group_gemm_starts<cutlass::float_e4m3_t, cutlass::bfloat16_t, float, cute::Layout<cute::tuple<cute::tuple<cute::C<(int)1>, int>, cute::tuple<cute::C<(int)128>, int>, int>, cute::tuple<cute::tuple<cute::C<(int)0>, int>, cute::tuple<cute::C<(int)0>, cute::C<(int)1>>, int>>, cute::Layout<cute::tuple<cute::tuple<cute::C<(int)128>, int>, cute::tuple<cute::C<(int)128>, int>, int>, cute::tuple<cute::tuple<cute::C<(int)0>, int>, cute::tuple<cute::C<(int)0>, cute::C<(int)1>>, int>>, cutlass::detail::Sm1xxBlockwiseScaleConfig<(int)1, (int)128, (int)128, (cute::UMMA::Major)0, (cute::UMMA::Major)0>>(int *, T1 **, T1 **, T2 **, T3 **, T3 **, T1 *, T1 *, T2 *, T3 *, T3 *, T4 *, T5 *, int *, int *, bool)",get_group_gemm_starts,moe_routing,150,0.41466,2.7644,2.016,3.553
50,triton_poi_fused__to_copy_copy_div_gather_randint_select_sigmoid_4,triton_poi_fused__to_copy_copy_div_gather_randint_select_sigmoid_4,memory_elementwise,75,0.341506,4.553413333333333,4.0,5.12
65,nvjet_sm103_tst_192x8_64x8_2x1_v_bz_splitK_TNT,nvjet_sm103_tst_192x8_64x8_2x1_v_bz_splitK_TNT,gemm_moe,1,0.295106,295.106,295.106,295.106
24,kernel_cutlass_kernel_flashinfernormkernelslayernormLayerNormKernel_object_at__tensorptrbf16gmemalign16o128div41_tensorptrbf16gmemalign16o128div41_tensorptrf32gmemalign16o1281_tensorptrf3_0,kernel_cutlass_kernel_flashinfernormkernelslayernormLayerNormKernel_object_at__tensorptrbf16gmemalign16o128div41_tensorptrbf16gmemalign16o128div41_tensorptrf32gmemalign16o1281_tensorptrf3_0,norm_rope_quant,21,0.241153,11.48347619047619,10.272,12.256
59,"void at::native::vectorized_elementwise_kernel<(int)8, at::native::bfloat16_copy_kernel_cuda(at::TensorIteratorBase &)::[lambda(float) (instance 1)], std::array<char *, (unsigned long)2>>(int, T2, T3)",vectorized_elementwise_kernel,memory_elementwise,75,0.184547,2.4606266666666667,2.016,2.816
46,triton_poi_fused_sum_1,triton_poi_fused_sum_1,memory_elementwise,75,0.178819,2.3842533333333336,2.112,2.592
49,"void at::native::<unnamed>::distribution_elementwise_grid_stride_kernel<unsigned long, (int)2, void at::native::templates::cuda::random_from_to_kernel<at::CUDAGeneratorImpl *>(at::TensorIteratorBase &, unsigned long, long, T1)::[lambda() (instance 1)]::operator ()() const::[lambda() (instance 4)]::operator ()() const::[lambda(curandStatePhilox4_32_10 *) (instance 1)], void at::native::<unnamed>::distribution_nullary_kernel<long, unsigned long, ulonglong2, at::CUDAGeneratorImpl *, void at::native::templates::cuda::random_from_to_kernel<at::CUDAGeneratorImpl *>(at::TensorIteratorBase &, unsigned long, long, T1)::[lambda() (instance 1)]::operator ()() const::[lambda() (instance 4)]::operator ()() const::[lambda(curandStatePhilox4_32_10 *) (instance 1)], void at::native::templates::cuda::random_from_to_kernel<at::CUDAGeneratorImpl *>(at::TensorIteratorBase &, unsigned long, long, T1)::[lambda() (instance 1)]::operator ()() const::[lambda() (instance 4)]::operator ()() const::[lambda(unsigned long) (instance 1)]>(at::TensorIteratorBase &, T4, const T5 &, T6)::[lambda(int, unsigned long) (instance 1)]>(long, at::PhiloxCudaState, T3, T4)",distribution_elementwise_grid_stride_kernel,memory_elementwise,75,0.154722,2.06296,1.472,2.56
28,"void <unnamed>::fused_store_indexer_cache<__nv_bfloat16, long, (unsigned int)6, (bool)1>(<unnamed>::FusedStoreCacheParam)",fused_store_indexer_cache,other,21,0.13898,6.618095238095239,6.08,7.104
31,_get_k_and_s_triton_kernel,_get_k_and_s_triton_kernel,other,21,0.100833,4.801571428571428,4.32,5.504
1,write_req_to_token_pool_triton,write_req_to_token_pool_triton,other,8,0.09277,11.59625,11.104,12.448
9,"void at::native::index_elementwise_kernel<(int)128, (int)4, void at::native::gpu_index_kernel<void at::native::index_kernel_impl<at::native::OpaqueType<(int)4>>(at::TensorIteratorBase &, c10::ArrayRef<long>, c10::ArrayRef<long>)::[lambda(char *, const char *, long) (instance 1)]>(at::TensorIteratorBase &, c10::ArrayRef<long>, c10::ArrayRef<long>, const T1 &, bool)::[lambda(int) (instance 1)]>(long, T3)",index_elementwise_kernel,memory_elementwise,16,0.089152,5.572,2.624,8.64
17,kernel_cutlass_kernel_flashinfernormkernelsrmsnormRMSNormKernel_object_at__tensorptrbf16gmemalign128o614461441_tensorptrbf16gmemalign16o61441_tensorptrbf16gmemalign128o614461441___True_2__0,kernel_cutlass_kernel_flashinfernormkernelsrmsnormRMSNormKernel_object_at__tensorptrbf16gmemalign128o614461441_tensorptrbf16gmemalign16o61441_tensorptrbf16gmemalign128o614461441___True_2__0,norm_rope_quant,1,0.063265,63.265,63.265,63.265
30,triton_poi_fused_mul_unsqueeze_0,triton_poi_fused_mul_unsqueeze_0,memory_elementwise,21,0.055618,2.6484761904761904,2.4,2.848
3,"void at::native::<unnamed>::multi_tensor_apply_kernel<at::native::<unnamed>::TensorListMetadata<(int)2>, at::native::<unnamed>::UnaryOpFunctor<long, (int)2, (int)1, (int)1>, at::native::Copy<long, long>>(T1, T2, T3...)",multi_tensor_apply_kernel,other,8,0.053121,6.640125,5.376,7.36
15,"void at::native::vectorized_gather_kernel<(int)16, long>(char *, char *, T2 *, int, long, long, long, long, bool)",vectorized_gather_kernel,other,1,0.052096,52.096,52.096,52.096
0,alloc_extend_kernel,alloc_extend_kernel,other,8,0.0512,6.4,5.792,7.552
7,"void at_cuda_detail::cub::detail::scan::DeviceScanKernel<at_cuda_detail::cub::detail::scan::policy_hub<int, int, int, unsigned int, std::plus<int>>::Policy1000, const int *, int *, at_cuda_detail::cub::ScanTileState<int, (bool)1>, std::plus<int>, at_cuda_detail::cub::NullType, unsigned int, int, (bool)0, at_cuda_detail::cub::NullType>(T2, T3, T4, int, T5, T6, T7)",DeviceScanKernel,other,16,0.039681,2.4800625,1.824,3.808
2,compute_position_kernel,compute_position_kernel,other,8,0.033504,4.188,3.936,4.544
10,"void <unnamed>::elementwise_kernel_with_index<int, at::native::arange_cuda_out(const c10::Scalar &, const c10::Scalar &, const c10::Scalar &, at::Tensor &)::[lambda() (instance 1)]::operator ()() const::[lambda() (instance 3)]::operator ()() const::[lambda(long) (instance 1)]>(T1, T2, function_traits<T2>::result_type *)",elementwise_kernel_with_index,memory_elementwise,24,0.03344,1.3933333333333333,0.992,1.632
13,"void at::native::unrolled_elementwise_kernel<at::native::direct_copy_kernel_cuda(at::TensorIteratorBase &)::[lambda() (instance 3)]::operator ()() const::[lambda() (instance 4)]::operator ()() const::[lambda(long) (instance 1)], std::array<char *, (unsigned long)2>, (int)4, TrivialOffsetCalculator<(int)1, unsigned int>, TrivialOffsetCalculator<(int)1, unsigned int>, at::native::memory::LoadWithCast<(int)1>, at::native::memory::StoreWithCast<(int)1>>(int, T1, T2, T4, T5, T6, T7)",unrolled_elementwise_kernel,memory_elementwise,11,0.02928,2.661818181818182,2.048,4.736
6,"void at_cuda_detail::cub::detail::scan::DeviceScanInitKernel<at_cuda_detail::cub::ScanTileState<int, (bool)1>>(T1, int)",DeviceScanInitKernel,other,16,0.022144,1.384,0.96,1.664
4,"void at::native::vectorized_elementwise_kernel<(int)2, at::native::CUDAFunctorOnSelf_add<long>, std::array<char *, (unsigned long)2>>(int, T2, T3)",vectorized_elementwise_kernel,memory_elementwise,10,0.021984,2.1984,1.472,2.688
14,"void at::native::vectorized_elementwise_kernel<(int)4, at::native::BUnaryFunctor<int, int, int, at::native::binary_internal::div_floor_kernel_cuda(at::TensorIteratorBase &)::[lambda() (instance 1)]::operator ()() const::[lambda() (instance 3)]::operator ()() const::[lambda(int, int) (instance 1)]>, std::array<char *, (unsigned long)2>>(int, T2, T3)",vectorized_elementwise_kernel,memory_elementwise,8,0.016928,2.116,1.824,2.4
5,"void at::native::unrolled_elementwise_kernel<at::native::direct_copy_kernel_cuda(at::TensorIteratorBase &)::[lambda() (instance 3)]::operator ()() const::[lambda() (instance 3)]::operator ()() const::[lambda(int) (instance 1)], std::array<char *, (unsigned long)2>, (int)4, TrivialOffsetCalculator<(int)1, unsigned int>, TrivialOffsetCalculator<(int)1, unsigned int>, at::native::memory::LoadWithCast<(int)1>, at::native::memory::StoreWithCast<(int)1>>(int, T1, T2, T4, T5, T6, T7)",unrolled_elementwise_kernel,memory_elementwise,8,0.015392,1.924,1.696,2.272
12,"void at::native::vectorized_elementwise_kernel<(int)4, at::native::<unnamed>::launch_clamp_scalar(at::TensorIteratorBase &, c10::Scalar, c10::Scalar, at::native::detail::ClampLimits)::[lambda() (instance 1)]::operator ()() const::[lambda() (instance 3)]::operator ()() const::[lambda(int) (instance 1)], std::array<char *, (unsigned long)2>>(int, T2, T3)",vectorized_elementwise_kernel,memory_elementwise,8,0.01376,1.72,1.472,1.952
16,"void at::native::vectorized_elementwise_kernel<(int)4, at::native::FillFunctor<float>, std::array<char *, (unsigned long)1>>(int, T2, T3)",vectorized_elementwise_kernel,memory_elementwise,8,0.013471,1.683875,1.12,2.752
11,"void at::native::vectorized_elementwise_kernel<(int)4, at::native::CUDAFunctor_add<int>, std::array<char *, (unsigned long)3>>(int, T2, T3)",vectorized_elementwise_kernel,memory_elementwise,8,0.013344,1.668,1.6,1.824
66,"void cublasLt::splitKreduce_kernel<(int)32, (int)16, int, float, __nv_bfloat16, float, __nv_bfloat16, (bool)0, float, __nv_bfloat16, __nv_bfloat16, (bool)1, (bool)0, (bool)0, (bool)0>(cublasLt::cublasSplitKParams<T6>, const T4 *, const T10 *, T9 *, T5 *, const T6 *, const T6 *, const T11 *, const T4 *, T11 *, void *, long, T6 *, int *, T6 *, T6 *, const T6 *, const T6 *, const T6 *, const T6 *, const T6 *)",splitKreduce_kernel,other,1,0.010752,10.752,10.752,10.752
69,"void at::native::index_elementwise_kernel<(int)128, (int)4, void at::native::gpu_index_kernel<void at::native::index_put_kernel_impl<at::native::OpaqueType<(int)8>>(at::TensorIterator &, c10::ArrayRef<long>, c10::ArrayRef<long>)::[lambda(char *, const char *, long) (instance 1)]>(at::TensorIteratorBase &, c10::ArrayRef<long>, c10::ArrayRef<long>, const T1 &, bool)::[lambda(int) (instance 1)]>(long, T3)",index_elementwise_kernel,memory_elementwise,3,0.010272,3.424,3.104,3.744
68,"void at::native::reduce_kernel<(int)512, (int)1, at::native::ReduceOp<float, at::native::ArgMaxOps<float>, unsigned int, long, (int)4, (int)4>>(T3)",reduce_kernel,other,1,0.010272,10.272,10.272,10.272
64,"void at::native::index_elementwise_kernel<(int)128, (int)4, void at::native::gpu_index_kernel<void at::native::index_kernel_impl<at::native::OpaqueType<(int)2>>(at::TensorIteratorBase &, c10::ArrayRef<long>, c10::ArrayRef<long>)::[lambda(char *, const char *, long) (instance 1)]>(at::TensorIteratorBase &, c10::ArrayRef<long>, c10::ArrayRef<long>, const T1 &, bool)::[lambda(int) (instance 1)]>(long, T3)",index_elementwise_kernel,memory_elementwise,1,0.007104,7.104,7.104,7.104
67,"void at::native::unrolled_elementwise_kernel<at::native::direct_copy_kernel_cuda(at::TensorIteratorBase &)::[lambda() (instance 3)]::operator ()() const::[lambda() (instance 7)]::operator ()() const::[lambda(float) (instance 1)], std::array<char *, (unsigned long)2>, (int)4, TrivialOffsetCalculator<(int)1, unsigned int>, TrivialOffsetCalculator<(int)1, unsigned int>, at::native::memory::LoadWithCast<(int)1>, at::native::memory::StoreWithCast<(int)1>>(int, T1, T2, T4, T5, T6, T7)",unrolled_elementwise_kernel,memory_elementwise,1,0.00432,4.32,4.32,4.32
63,"void at_cuda_detail::cub::detail::scan::DeviceScanKernel<at_cuda_detail::cub::detail::scan::policy_hub<long, long, long, unsigned int, std::plus<long>>::Policy1000, const long *, long *, at_cuda_detail::cub::ScanTileState<long, (bool)1>, std::plus<long>, at_cuda_detail::cub::NullType, unsigned int, long, (bool)0, at_cuda_detail::cub::NullType>(T2, T3, T4, int, T5, T6, T7)",DeviceScanKernel,other,1,0.00256,2.56,2.56,2.56
62,"void at_cuda_detail::cub::detail::scan::DeviceScanInitKernel<at_cuda_detail::cub::ScanTileState<long, (bool)1>>(T1, int)",DeviceScanInitKernel,other,1,0.001888,1.888,1.888,1.888
