name,short_name,category,count,total_ms,average_us,max_us
fused_moe_kernel,fused_moe_kernel,gemm_moe,360000,1531603.406999,4254.453908330556,6320.016
"void sm90::decode::sparse_fp8::flash_fwd_splitkv_mla_fp8_sparse_kernel<sm90::decode::sparse_fp8::KernelTemplate<(ModelType)0, (int)64>, sm90::decode::sparse_fp8::KernelTemplate<(ModelType)0, (int)64>::TmaParams<cute::tuple<int, int, int, int>, cute::TiledCopy<cute::Copy_Atom<cute::Copy_Traits<cute::SM90_TMA_LOAD, cute::C<(int)65536>, cute::AuxTmaParams<cute::tuple<cute::ScaledBasis<cute::C<(int)1>, (int)1>, cute::ScaledBasis<cute::C<(int)1>, (int)0>, cute::ScaledBasis<cute::C<(int)1>, (int)2>, cute::ScaledBasis<cute::C<(int)1>, (int)3>>, const cute::Layout<cute::tuple<cute::C<(int)64>, cute::C<(int)64>, cute::C<(int)1>, cute::C<(int)1>>, cute::tuple<cute::ScaledBasis<cute::C<(int)1>, (int)1>, cute::ScaledBasis<cute::C<(int)1>, (int)0>, cute::ScaledBasis<cute::C<(int)1>, (int)2>, cute::ScaledBasis<cute::C<(int)1>, (int)3>>> &, const cute::Swizzle<(int)3, (int)4, (int)3> &>>, cutlass::bfloat16_t>, cute::Layout<cute::tuple<cute::C<(int)1>, cute::tuple<cute::tuple<cute::tuple<cute::C<(int)64>, cute::C<(int)64>>, cute::C<(int)9>>>>, cute::tuple<cute::C<(int)0>, cute::tuple<cute::tuple<cute::tuple<cute::C<(int)64>, cute::C<(int)1>>, cute::C<(int)4096>>>>>, cute::tuple<cute::C<(int)64>, cute::C<(int)576>>>>>(SparseAttnDecodeParams, T2)","void sm90::decode::sparse_fp8::flash_fwd_splitkv_mla_fp8_sparse_kernel<sm90::decode::sparse_fp8::KernelTemplate<(ModelType)0, (int)64>, sm90::decode::sparse_fp8::KernelTemplate<...",attention,187200,1304770.505824,6969.9279157264955,13547.982
ncclDevKernel_SendRecv(ncclDevKernelArgsStorage<(unsigned long)4096>),ncclDevKernel_SendRecv(ncclDevKernelArgsStorage<(unsigned long)4096>),nccl_sync,124800,648197.681005,5193.891674719552,3506663.646
"void deep_gemm::sm90_fp8_gemm_1d2d_impl<(cute::UMMA::Major)0, (unsigned int)0, (unsigned int)0, (unsigned int)0, (unsigned int)1, (unsigned int)256, (unsigned int)128, (unsigned int)128, (unsigned int)128, (unsigned int)128, (unsigned int)128, (unsigned int)3, (unsigned int)128, (unsigned int)256, (unsigned int)2, (bool)1, (unsigned int)132, (deep_gemm::GemmType)0, deep_gemm::epilogue::transform::EpilogueIdentity>(float *, int *, unsigned int, unsigned int, unsigned int, CUtensorMap_st, CUtensorMap_st, CUtensorMap_st, CUtensorMap_st)","void deep_gemm::sm90_fp8_gemm_1d2d_impl<(cute::UMMA::Major)0, (unsigned int)0, (unsigned int)0, (unsigned int)0, (unsigned int)1, (unsigned int)256, (unsigned int)128, (unsigned...",gemm_moe,439200,349731.699945,796.2925772882513,3383.823
"void deep_gemm::sm90_fp8_mqa_logits<(unsigned int)32, (unsigned int)128, (bool)0, (unsigned int)4, (unsigned int)256, (unsigned int)3, (unsigned int)3, (unsigned int)131, (unsigned int)128, (unsigned int)512, float>(unsigned int, unsigned int, unsigned int, unsigned int, unsigned int *, unsigned int *, T11 *, CUtensorMap_st, CUtensorMap_st, CUtensorMap_st, CUtensorMap_st)","void deep_gemm::sm90_fp8_mqa_logits<(unsigned int)32, (unsigned int)128, (bool)0, (unsigned int)4, (unsigned int)256, (unsigned int)3, (unsigned int)3, (unsigned int)131, (unsig...",attention,45600,112270.911459,2462.081391644737,5433.775
"<unnamed>::concat_mla_absorb_q_kernel(__nv_bfloat16 *, __nv_bfloat16 *, __nv_bfloat16 *, int, int, long, int, long, int, long, int)","<unnamed>::concat_mla_absorb_q_kernel(__nv_bfloat16 *, __nv_bfloat16 *, __nv_bfloat16 *, int, int, long, int, long, int, long, int)",attention,187200,55104.938424,294.3639873076923,390.722
"void at::native::sbtopk::gatherTopK<float, unsigned int, (int)2, (bool)0>(at::cuda::detail::TensorInfo<const T1, T2>, T2, T2, bool, T2, T2, at::cuda::detail::TensorInfo<T1, T2>, T2, at::cuda::detail::TensorInfo<long, T2>, T2, T1 *)","void at::native::sbtopk::gatherTopK<float, unsigned int, (int)2, (bool)0>(at::cuda::detail::TensorInfo<const T1, T2>, T2, T2, bool, T2, T2, at::cuda::detail::TensorInfo<T1, T2>,...",moe_routing,540000,52725.155761,97.63917733518518,256.866
"<unnamed>::topk_transform_prefill_kernel(<unnamed>::FastTopKParams, int *, const int *, long, const int *, long)","<unnamed>::topk_transform_prefill_kernel(<unnamed>::FastTopKParams, int *, const int *, long, const int *, long)",moe_routing,50400,50598.284778,1003.9342217857143,1959.568
"void deep_gemm::sm90_fp8_gemm_1d2d_impl<(cute::UMMA::Major)0, (unsigned int)0, (unsigned int)0, (unsigned int)0, (unsigned int)1, (unsigned int)256, (unsigned int)112, (unsigned int)128, (unsigned int)128, (unsigned int)128, (unsigned int)32, (unsigned int)3, (unsigned int)128, (unsigned int)256, (unsigned int)2, (bool)1, (unsigned int)132, (deep_gemm::GemmType)0, deep_gemm::epilogue::transform::EpilogueIdentity>(float *, int *, unsigned int, unsigned int, unsigned int, CUtensorMap_st, CUtensorMap_st, CUtensorMap_st, CUtensorMap_st)","void deep_gemm::sm90_fp8_gemm_1d2d_impl<(cute::UMMA::Major)0, (unsigned int)0, (unsigned int)0, (unsigned int)0, (unsigned int)1, (unsigned int)256, (unsigned int)112, (unsigned...",gemm_moe,187200,48734.85563,260.3357672542735,463.074
nvjet_sm90_tst_128x256_64x4_2x1_v_bz_coopA_TNN,nvjet_sm90_tst_128x256_64x4_2x1_v_bz_coopA_TNN,gemm_moe,187200,46701.450469,249.4735601976496,343.489
nvjet_sm90_tst_256x128_64x4_1x2_h_bz_coopA_TNT,nvjet_sm90_tst_256x128_64x4_1x2_h_bz_coopA_TNT,gemm_moe,187200,42718.709286,228.19823336538462,271.617
"void moe_sum_reduce_warp_per_token_vec_kernel<(int)8>(const c10::BFloat16 *, c10::BFloat16 *, long, long, long, long, long, long, float)","void moe_sum_reduce_warp_per_token_vec_kernel<(int)8>(const c10::BFloat16 *, c10::BFloat16 *, long, long, long, long, long, long, float)",moe_routing,180000,41801.661545,232.23145302777777,316.513
"void <unnamed>::act_and_mul_kernel<__nv_bfloat16, (<unnamed>::ActivationKind)0, (bool)1, (bool)0>(<unnamed>::ActivationParams)","void <unnamed>::act_and_mul_kernel<__nv_bfloat16, (<unnamed>::ActivationKind)0, (bool)1, (bool)0>(<unnamed>::ActivationParams)",memory_elementwise,187200,37879.845361,202.34960128739317,309.379
kernel_cutlass_kernel_flashinfernormkernelsfused_add_rmsnormFusedAddRMSNormKernel_object_at__tensorptrbf16gmemalign128o614461441_tensorptrbf16gmemalign128o614461441_tensorptrbf16gmemalign_0,kernel_cutlass_kernel_flashinfernormkernelsfused_add_rmsnormFusedAddRMSNormKernel_object_at__tensorptrbf16gmemalign128o614461441_tensorptrbf16gmemalign128o614461441_tensorptrbf1...,norm_rope_quant,374400,36505.733061,97.5046289022436,196.033
"void <unnamed>::per_token_group_quant_8bit_v2_kernel<<unnamed>::NaiveScheduler, (int)128, (int)8, __nv_bfloat16, __nv_fp8_e4m3, (bool)1, (bool)0, (bool)0, (bool)1, float>(const T4 *, T5 *, T10 *, const int *, int, int, int, int, int)","void <unnamed>::per_token_group_quant_8bit_v2_kernel<<unnamed>::NaiveScheduler, (int)128, (int)8, __nv_bfloat16, __nv_fp8_e4m3, (bool)1, (bool)0, (bool)0, (bool)1, float>(const ...",gemm_moe,676800,32349.777532,47.79813465130024,199.393
"void <unnamed>::per_token_group_quant_8bit_v2_kernel<<unnamed>::NaiveScheduler, (int)128, (int)8, __nv_bfloat16, __nv_fp8_e4m3, (bool)0, (bool)0, (bool)0, (bool)1, float>(const T4 *, T5 *, T10 *, const int *, int, int, int, int, int)","void <unnamed>::per_token_group_quant_8bit_v2_kernel<<unnamed>::NaiveScheduler, (int)128, (int)8, __nv_bfloat16, __nv_fp8_e4m3, (bool)0, (bool)0, (bool)0, (bool)1, float>(const ...",gemm_moe,360000,25947.545582,72.07651550555555,198.626
"void smxx::decode::flash_fwd_mla_combine_kernel<cutlass::bfloat16_t, (int)512, (int)8, (int)160, (int)256>(CombineParams)","void smxx::decode::flash_fwd_mla_combine_kernel<cutlass::bfloat16_t, (int)512, (int)8, (int)160, (int)256>(CombineParams)",attention,187200,12381.327818,66.13957167735042,158.369
"void deep_gemm::sm90_fp8_mqa_logits<(unsigned int)32, (unsigned int)128, (bool)0, (unsigned int)4, (unsigned int)256, (unsigned int)3, (unsigned int)3, (unsigned int)132, (unsigned int)128, (unsigned int)512, float>(unsigned int, unsigned int, unsigned int, unsigned int, unsigned int *, unsigned int *, T11 *, CUtensorMap_st, CUtensorMap_st, CUtensorMap_st, CUtensorMap_st)","void deep_gemm::sm90_fp8_mqa_logits<(unsigned int)32, (unsigned int)128, (bool)0, (unsigned int)4, (unsigned int)256, (unsigned int)3, (unsigned int)3, (unsigned int)132, (unsig...",attention,4800,11769.388212,2451.9558775,5114.027
smxx::decode::get_mla_metadata_kernel(GetDecodeSchedMetaParams),smxx::decode::get_mla_metadata_kernel(GetDecodeSchedMetaParams),attention,19200,8934.783691,465.35331723958336,542.949
"void <unnamed>::fused_rope_kernel<(bool)0, (long)64, (bool)1, __nv_bfloat16, long, (unsigned int)8>(<unnamed>::FusedRopeParams)","void <unnamed>::fused_rope_kernel<(bool)0, (long)64, (bool)1, __nv_bfloat16, long, (unsigned int)8>(<unnamed>::FusedRopeParams)",norm_rope_quant,237600,8653.727606,36.421412483164985,130.56
"void <unnamed>::fast_hadamard_transform_kernel<<unnamed>::FastHadamardKernelTraits<(int)16, (int)7, __nv_bfloat16>>(HadamardParamsBase)","void <unnamed>::fast_hadamard_transform_kernel<<unnamed>::FastHadamardKernelTraits<(int)16, (int)7, __nv_bfloat16>>(HadamardParamsBase)",other,100800,8359.938724,82.93590003968254,176.833
nvjet_sm90_tst_128x128_64x6_2x1_v_bz_TNT,nvjet_sm90_tst_128x128_64x6_2x1_v_bz_TNT,gemm_moe,180000,7519.707714,41.77615396666666,141.665
_quantize_k_cache_fast_kernel,_quantize_k_cache_fast_kernel,norm_rope_quant,187200,4979.00637,26.597256249999997,30.592
"void count_and_sort_expert_tokens_kernel<int>(const T1 *, int *, int *, unsigned long)","void count_and_sort_expert_tokens_kernel<int>(const T1 *, int *, int *, unsigned long)",moe_routing,180000,3770.723992,20.948466622222224,118.209
"void at::native::bitonicSortKVInPlace<(int)2, (int)-1, (int)16, (int)16, float, long, at::native::GTOp<float, (bool)1>, unsigned int>(at::cuda::detail::TensorInfo<T5, T8>, T8, T8, T8, at::cuda::detail::TensorInfo<T6, T8>, T8, T7)","void at::native::bitonicSortKVInPlace<(int)2, (int)-1, (int)16, (int)16, float, long, at::native::GTOp<float, (bool)1>, unsigned int>(at::cuda::detail::TensorInfo<T5, T8>, T8, T...",other,360000,3538.652864,9.829591288888889,107.777
"void moe_align_block_size_kernel<int>(const T1 *, int *, int *, int *, int, int, unsigned long, int *, bool, int, int)","void moe_align_block_size_kernel<int>(const T1 *, int *, int *, int *, int, int, unsigned long, int *, bool, int, int)",moe_routing,180000,3180.416272,17.668979288888888,102.241
kernel_cutlass_kernel_flashinfernormkernelsrmsnormRMSNormKernel_object_at__tensorptrbf16gmemalign16o2048i64div81_tensorptrbf16gmemalign16o20481_tensorptrbf16gmemalign16o2048i64div81___Tru_0,kernel_cutlass_kernel_flashinfernormkernelsrmsnormRMSNormKernel_object_at__tensorptrbf16gmemalign16o2048i64div81_tensorptrbf16gmemalign16o20481_tensorptrbf16gmemalign16o2048i64d...,norm_rope_quant,187200,3010.084208,16.079509658119658,111.936
triton_poi_fused_add_sigmoid_unsqueeze_0,triton_poi_fused_add_sigmoid_unsqueeze_0,other,180000,2031.465383,11.285918794444443,111.297
triton_poi_fused__to_copy_arange_bitwise_not_eq_expand_masked_fill_scalar_tensor_unsqueeze_view_where_2,triton_poi_fused__to_copy_arange_bitwise_not_eq_expand_masked_fill_scalar_tensor_unsqueeze_view_where_2,memory_elementwise,180000,1649.901969,9.16612205,110.816
nvjet_sm90_tss_32x64_64x16_1x2_h_bz_TNN,nvjet_sm90_tss_32x64_64x16_1x2_h_bz_TNN,gemm_moe,50400,1607.271046,31.890298531746033,36.256
_act_quant_kernel,_act_quant_kernel,norm_rope_quant,50400,1301.992388,25.8331823015873,29.696
kernel_cutlass_kernel_flashinfernormkernelsrmsnormRMSNormKernel_object_at__tensorptrbf16gmemalign16o512i64div81_tensorptrbf16gmemalign16o5121_tensorptrbf16gmemalign16o512i64div81___True_4_0,kernel_cutlass_kernel_flashinfernormkernelsrmsnormRMSNormKernel_object_at__tensorptrbf16gmemalign16o512i64div81_tensorptrbf16gmemalign16o5121_tensorptrbf16gmemalign16o512i64div8...,norm_rope_quant,187200,1170.100174,6.250535117521367,23.616
nvjet_sm90_tst_256x8_64x6_2x1_v_bz_TNT,nvjet_sm90_tst_256x8_64x6_2x1_v_bz_TNT,gemm_moe,2400,1092.138631,455.05776291666666,496.9
"void deep_gemm::sm90_fp8_gemm_1d2d_impl<(cute::UMMA::Major)0, (unsigned int)0, (unsigned int)0, (unsigned int)0, (unsigned int)1, (unsigned int)64, (unsigned int)128, (unsigned int)128, (unsigned int)128, (unsigned int)128, (unsigned int)128, (unsigned int)8, (unsigned int)128, (unsigned int)128, (unsigned int)1, (bool)0, (unsigned int)132, (deep_gemm::GemmType)0, deep_gemm::epilogue::transform::EpilogueIdentity>(float *, int *, unsigned int, unsigned int, unsigned int, CUtensorMap_st, CUtensorMap_st, CUtensorMap_st, CUtensorMap_st)","void deep_gemm::sm90_fp8_gemm_1d2d_impl<(cute::UMMA::Major)0, (unsigned int)0, (unsigned int)0, (unsigned int)0, (unsigned int)1, (unsigned int)64, (unsigned int)128, (unsigned ...",gemm_moe,50400,963.811765,19.123249305555557,24.576
"void at::native::vectorized_elementwise_kernel<(int)4, at::native::FillFunctor<int>, std::array<char *, (unsigned long)1>>(int, T2, T3)","void at::native::vectorized_elementwise_kernel<(int)4, at::native::FillFunctor<int>, std::array<char *, (unsigned long)1>>(int, T2, T3)",memory_elementwise,147296,888.827232,6.034293069737128,18.112
triton_red_fused_copy_gather_select_sigmoid_slice_sum_3,triton_red_fused_copy_gather_select_sigmoid_slice_sum_3,memory_elementwise,180000,830.539583,4.614108794444444,101.984
"void at::native::elementwise_kernel<(int)128, (int)4, void at::native::gpu_kernel_impl_nocast<at::native::direct_copy_kernel_cuda(at::TensorIteratorBase &)::[lambda() (instance 3)]::operator ()() const::[lambda() (instance 12)]::operator ()() const::[lambda(c10::BFloat16) (instance 1)]>(at::TensorIteratorBase &, const T1 &)::[lambda(int) (instance 1)]>(int, T3)","void at::native::elementwise_kernel<(int)128, (int)4, void at::native::gpu_kernel_impl_nocast<at::native::direct_copy_kernel_cuda(at::TensorIteratorBase &)::[lambda() (instance ...",memory_elementwise,187200,784.867284,4.192667115384616,5.952
"void <unnamed>::set_mla_kv_buffer_kernel<(long)528, (long)128, (int)8, (bool)1, long>(<unnamed>::SetMlaKVBufferParams)","void <unnamed>::set_mla_kv_buffer_kernel<(long)528, (long)128, (int)8, (bool)1, long>(<unnamed>::SetMlaKVBufferParams)",attention,187200,613.052817,3.274854791666667,5.952
triton_poi_fused__to_copy_copy_div_gather_randint_select_sigmoid_4,triton_poi_fused__to_copy_copy_div_gather_randint_select_sigmoid_4,memory_elementwise,180000,606.215948,3.3678663777777778,6.304
write_req_to_token_pool_triton,write_req_to_token_pool_triton,other,19200,459.982995,23.95744765625,73.505
kernel_cutlass_kernel_flashinfernormkernelslayernormLayerNormKernel_object_at__tensorptrbf16gmemalign16o128div41_tensorptrbf16gmemalign16o128div41_tensorptrf32gmemalign16o1281_tensorptrf3_0,kernel_cutlass_kernel_flashinfernormkernelslayernormLayerNormKernel_object_at__tensorptrbf16gmemalign16o128div41_tensorptrbf16gmemalign16o128div41_tensorptrf32gmemalign16o1281_t...,norm_rope_quant,50400,341.725618,6.7802701984126985,8.352
"void at::native::<unnamed>::distribution_elementwise_grid_stride_kernel<unsigned long, (int)2, void at::native::templates::cuda::random_from_to_kernel<at::CUDAGeneratorImpl *>(at::TensorIteratorBase &, unsigned long, long, T1)::[lambda() (instance 1)]::operator ()() const::[lambda() (instance 4)]::operator ()() const::[lambda(curandStatePhilox4_32_10 *) (instance 1)], void at::native::<unnamed>::distribution_nullary_kernel<long, unsigned long, ulonglong2, at::CUDAGeneratorImpl *, void at::native::templates::cuda::random_from_to_kernel<at::CUDAGeneratorImpl *>(at::TensorIteratorBase &, unsigned long, long, T1)::[lambda() (instance 1)]::operator ()() const::[lambda() (instance 4)]::operator ()() const::[lambda(curandStatePhilox4_32_10 *) (instance 1)], void at::native::templates::cuda::random_from_to_kernel<at::CUDAGeneratorImpl *>(at::TensorIteratorBase &, unsigned long, long, T1)::[lambda() (instance 1)]::operator ()() const::[lambda() (instance 4)]::operator ()() const::[lambda(unsigned long) (instance 1)]>(at::TensorIteratorBase &, T4, const T5 &, T6)::[lambda(int, unsigned long) (instance 1)]>(long, at::PhiloxCudaState, T3, T4)","void at::native::<unnamed>::distribution_elementwise_grid_stride_kernel<unsigned long, (int)2, void at::native::templates::cuda::random_from_to_kernel<at::CUDAGeneratorImpl *>(a...",memory_elementwise,180000,298.916024,1.6606445777777779,3.968
triton_poi_fused_sum_1,triton_poi_fused_sum_1,other,180000,285.917235,1.5884290833333334,103.489
_get_k_and_s_triton_kernel,_get_k_and_s_triton_kernel,other,50400,280.171659,5.558961488095238,56.416
"void at::native::unrolled_elementwise_kernel<at::native::direct_copy_kernel_cuda(at::TensorIteratorBase &)::[lambda() (instance 3)]::operator ()() const::[lambda() (instance 4)]::operator ()() const::[lambda(long) (instance 1)], std::array<char *, (unsigned long)2>, (int)4, TrivialOffsetCalculator<(int)1, unsigned int>, TrivialOffsetCalculator<(int)1, unsigned int>, at::native::memory::LoadWithCast<(int)1>, at::native::memory::StoreWithCast<(int)1>>(int, T1, T2, T4, T5, T6, T7)",void at::native::unrolled_elementwise_kernel<at::native::direct_copy_kernel_cuda(at::TensorIteratorBase &)::[lambda() (instance 3)]::operator ()() const::[lambda() (instance 4)]...,memory_elementwise,40800,245.420327,6.015204093137255,173.761
"void <unnamed>::fused_store_indexer_cache<__nv_bfloat16, long, (unsigned int)6, (bool)1>(<unnamed>::FusedStoreCacheParam)","void <unnamed>::fused_store_indexer_cache<__nv_bfloat16, long, (unsigned int)6, (bool)1>(<unnamed>::FusedStoreCacheParam)",memory_elementwise,50400,211.400657,4.19445748015873,13.664
"void at::native::index_elementwise_kernel<(int)128, (int)4, void at::native::gpu_index_kernel<void at::native::index_kernel_impl<at::native::OpaqueType<(int)4>>(at::TensorIteratorBase &, c10::ArrayRef<long>, c10::ArrayRef<long>)::[lambda(char *, const char *, long) (instance 1)]>(at::TensorIteratorBase &, c10::ArrayRef<long>, c10::ArrayRef<long>, const T1 &, bool)::[lambda(int) (instance 1)]>(long, T3)","void at::native::index_elementwise_kernel<(int)128, (int)4, void at::native::gpu_index_kernel<void at::native::index_kernel_impl<at::native::OpaqueType<(int)4>>(at::TensorIterat...",memory_elementwise,38400,156.639607,4.079156432291667,8.32
"void at::native::vectorized_gather_kernel<(int)16, long>(char *, char *, T2 *, int, long, long, long, long, bool)","void at::native::vectorized_gather_kernel<(int)16, long>(char *, char *, T2 *, int, long, long, long, long, bool)",memory_elementwise,2400,126.592608,52.746919999999996,61.536
kernel_cutlass_kernel_flashinfernormkernelsrmsnormRMSNormKernel_object_at__tensorptrbf16gmemalign128o614461441_tensorptrbf16gmemalign16o61441_tensorptrbf16gmemalign128o614461441___True_2__0,kernel_cutlass_kernel_flashinfernormkernelsrmsnormRMSNormKernel_object_at__tensorptrbf16gmemalign128o614461441_tensorptrbf16gmemalign16o61441_tensorptrbf16gmemalign128o614461441...,norm_rope_quant,2400,122.030998,50.84624916666667,53.088
"void at_cuda_detail::cub::detail::radix_sort::DeviceRadixSortOnesweepKernel<at_cuda_detail::cub::detail::radix::policy_hub<int, at_cuda_detail::cub::NullType, unsigned long long>::Policy1000, (at_cuda_detail::cub::SortOrder)0, int, at_cuda_detail::cub::NullType, unsigned long long, int, int, at_cuda_detail::cub::detail::identity_decomposer_t>(T7 *, T7 *, T5 *, const T5 *, T3 *, const T3 *, T4 *, const T4 *, T6, int, int, T8)","void at_cuda_detail::cub::detail::radix_sort::DeviceRadixSortOnesweepKernel<at_cuda_detail::cub::detail::radix::policy_hub<int, at_cuda_detail::cub::NullType, unsigned long long...",other,9600,103.07566,10.737047916666667,162.178
triton_poi_fused_mul_unsqueeze_0,triton_poi_fused_mul_unsqueeze_0,other,52096,100.025506,1.9200227656633906,3.328
alloc_extend_kernel,alloc_extend_kernel,other,19200,98.83105,5.147450520833333,15.52
"void at_cuda_detail::cub::detail::scan::DeviceScanKernel<at_cuda_detail::cub::detail::scan::policy_hub<int, int, int, unsigned int, std::plus<int>>::Policy1000, const int *, int *, at_cuda_detail::cub::ScanTileState<int, (bool)1>, std::plus<int>, at_cuda_detail::cub::NullType, unsigned int, int, (bool)0, at_cuda_detail::cub::NullType>(T2, T3, T4, int, T5, T6, T7)","void at_cuda_detail::cub::detail::scan::DeviceScanKernel<at_cuda_detail::cub::detail::scan::policy_hub<int, int, int, unsigned int, std::plus<int>>::Policy1000, const int *, int...",other,55200,98.76488,1.78921884057971,2.624
"void at::native::index_elementwise_kernel<(int)128, (int)4, void at::native::gpu_index_kernel<void at::native::index_put_kernel_impl<at::native::OpaqueType<(int)8>>(at::TensorIterator &, c10::ArrayRef<long>, c10::ArrayRef<long>)::[lambda(char *, const char *, long) (instance 1)]>(at::TensorIteratorBase &, c10::ArrayRef<long>, c10::ArrayRef<long>, const T1 &, bool)::[lambda(int) (instance 1)]>(long, T3)","void at::native::index_elementwise_kernel<(int)128, (int)4, void at::native::gpu_index_kernel<void at::native::index_put_kernel_impl<at::native::OpaqueType<(int)8>>(at::TensorIt...",memory_elementwise,21600,96.677678,4.475818425925926,102.944
"void at::native::<unnamed>::multi_tensor_apply_kernel<at::native::<unnamed>::TensorListMetadata<(int)2>, at::native::<unnamed>::UnaryOpFunctor<long, (int)2, (int)1, (int)1>, at::native::Copy<long, long>>(T1, T2, T3...)","void at::native::<unnamed>::multi_tensor_apply_kernel<at::native::<unnamed>::TensorListMetadata<(int)2>, at::native::<unnamed>::UnaryOpFunctor<long, (int)2, (int)1, (int)1>, at:...",memory_elementwise,19200,77.289303,4.02548453125,5.184
"void at_cuda_detail::cub::detail::radix_sort::DeviceRadixSortHistogramKernel<at_cuda_detail::cub::detail::radix::policy_hub<int, at_cuda_detail::cub::NullType, unsigned long long>::Policy1000, (at_cuda_detail::cub::SortOrder)0, int, unsigned long long, at_cuda_detail::cub::detail::identity_decomposer_t>(T4 *, const T3 *, T4, int, int, T5)","void at_cuda_detail::cub::detail::radix_sort::DeviceRadixSortHistogramKernel<at_cuda_detail::cub::detail::radix::policy_hub<int, at_cuda_detail::cub::NullType, unsigned long lon...",other,2400,54.307548,22.628145,291.938
"void <unnamed>::elementwise_kernel_with_index<int, at::native::arange_cuda_out(const c10::Scalar &, const c10::Scalar &, const c10::Scalar &, at::Tensor &)::[lambda() (instance 1)]::operator ()() const::[lambda() (instance 3)]::operator ()() const::[lambda(long) (instance 1)]>(T1, T2, function_traits<T2>::result_type *)","void <unnamed>::elementwise_kernel_with_index<int, at::native::arange_cuda_out(const c10::Scalar &, const c10::Scalar &, const c10::Scalar &, at::Tensor &)::[lambda() (instance ...",memory_elementwise,57600,48.115029,0.8353303645833333,1.472
"void at_cuda_detail::cub::detail::scan::DeviceScanInitKernel<at_cuda_detail::cub::ScanTileState<int, (bool)1>>(T1, int)","void at_cuda_detail::cub::detail::scan::DeviceScanInitKernel<at_cuda_detail::cub::ScanTileState<int, (bool)1>>(T1, int)",other,55200,44.424616,0.804793768115942,1.504
compute_position_kernel,compute_position_kernel,other,19200,43.947116,2.2889122916666667,3.136
"void at::native::vectorized_elementwise_kernel<(int)4, at::native::BUnaryFunctor<int, int, int, at::native::binary_internal::div_floor_kernel_cuda(at::TensorIteratorBase &)::[lambda() (instance 1)]::operator ()() const::[lambda() (instance 3)]::operator ()() const::[lambda(int, int) (instance 1)]>, std::array<char *, (unsigned long)2>>(int, T2, T3)","void at::native::vectorized_elementwise_kernel<(int)4, at::native::BUnaryFunctor<int, int, int, at::native::binary_internal::div_floor_kernel_cuda(at::TensorIteratorBase &)::[la...",memory_elementwise,21600,42.848079,1.9837073611111111,23.392
"void at::native::vectorized_elementwise_kernel<(int)2, at::native::CUDAFunctorOnSelf_add<long>, std::array<char *, (unsigned long)2>>(int, T2, T3)","void at::native::vectorized_elementwise_kernel<(int)2, at::native::CUDAFunctorOnSelf_add<long>, std::array<char *, (unsigned long)2>>(int, T2, T3)",memory_elementwise,24000,30.90418,1.2876741666666667,2.912
"void at::native::unrolled_elementwise_kernel<at::native::direct_copy_kernel_cuda(at::TensorIteratorBase &)::[lambda() (instance 3)]::operator ()() const::[lambda() (instance 3)]::operator ()() const::[lambda(int) (instance 1)], std::array<char *, (unsigned long)2>, (int)4, TrivialOffsetCalculator<(int)1, unsigned int>, TrivialOffsetCalculator<(int)1, unsigned int>, at::native::memory::LoadWithCast<(int)1>, at::native::memory::StoreWithCast<(int)1>>(int, T1, T2, T4, T5, T6, T7)",void at::native::unrolled_elementwise_kernel<at::native::direct_copy_kernel_cuda(at::TensorIteratorBase &)::[lambda() (instance 3)]::operator ()() const::[lambda() (instance 3)]...,memory_elementwise,19200,24.793812,1.291344375,2.208
"void at::native::reduce_kernel<(int)512, (int)1, at::native::ReduceOp<float, at::native::ArgMaxOps<float>, unsigned int, long, (int)4, (int)4>>(T3)","void at::native::reduce_kernel<(int)512, (int)1, at::native::ReduceOp<float, at::native::ArgMaxOps<float>, unsigned int, long, (int)4, (int)4>>(T3)",memory_elementwise,2400,22.032066,9.1800275,10.304
"void at::native::vectorized_elementwise_kernel<(int)4, at::native::<unnamed>::launch_clamp_scalar(at::TensorIteratorBase &, c10::Scalar, c10::Scalar, at::native::detail::ClampLimits)::[lambda() (instance 1)]::operator ()() const::[lambda() (instance 3)]::operator ()() const::[lambda(int) (instance 1)], std::array<char *, (unsigned long)2>>(int, T2, T3)","void at::native::vectorized_elementwise_kernel<(int)4, at::native::<unnamed>::launch_clamp_scalar(at::TensorIteratorBase &, c10::Scalar, c10::Scalar, at::native::detail::ClampLi...",memory_elementwise,19200,21.264496,1.1075258333333333,1.504
"void at::native::vectorized_elementwise_kernel<(int)4, at::native::CUDAFunctor_add<int>, std::array<char *, (unsigned long)3>>(int, T2, T3)","void at::native::vectorized_elementwise_kernel<(int)4, at::native::CUDAFunctor_add<int>, std::array<char *, (unsigned long)3>>(int, T2, T3)",memory_elementwise,19200,20.828499,1.08481765625,1.6
"void at::native::vectorized_elementwise_kernel<(int)4, at::native::FillFunctor<float>, std::array<char *, (unsigned long)1>>(int, T2, T3)","void at::native::vectorized_elementwise_kernel<(int)4, at::native::FillFunctor<float>, std::array<char *, (unsigned long)1>>(int, T2, T3)",memory_elementwise,19200,16.790278,0.8744936458333333,1.824
"void at_cuda_detail::cub::detail::select::DeviceSelectSweepKernel<at_cuda_detail::cub::detail::select::policy_hub<int, at_cuda_detail::cub::NullType, int, (bool)0, (at_cuda_detail::cub::SelectImpl)0>::Policy1000, const int *, at_cuda_detail::cub::NullType *, int *, long *, at_cuda_detail::cub::ScanTileState<int, (bool)1>, at_cuda_detail::cub::NullType, cuda::std::__4::equal_to<void>, int, at_cuda_detail::cub::detail::select::streaming_context_t<long, (bool)1>, (at_cuda_detail::cub::SelectImpl)0>(T2, T3, T4, T5, T6, T7, T8, T9, int, T10, at_cuda_detail::cub::detail::vsmem_t)","void at_cuda_detail::cub::detail::select::DeviceSelectSweepKernel<at_cuda_detail::cub::detail::select::policy_hub<int, at_cuda_detail::cub::NullType, int, (bool)0, (at_cuda_deta...",other,2400,15.505334,6.460555833333333,162.913
"void at::native::unrolled_elementwise_kernel<at::native::direct_copy_kernel_cuda(at::TensorIteratorBase &)::[lambda() (instance 3)]::operator ()() const::[lambda() (instance 7)]::operator ()() const::[lambda(float) (instance 1)], std::array<char *, (unsigned long)2>, (int)4, TrivialOffsetCalculator<(int)1, unsigned int>, TrivialOffsetCalculator<(int)1, unsigned int>, at::native::memory::LoadWithCast<(int)1>, at::native::memory::StoreWithCast<(int)1>>(int, T1, T2, T4, T5, T6, T7)",void at::native::unrolled_elementwise_kernel<at::native::direct_copy_kernel_cuda(at::TensorIteratorBase &)::[lambda() (instance 3)]::operator ()() const::[lambda() (instance 7)]...,memory_elementwise,2400,9.797605,4.082335416666667,5.472
"void at::native::index_elementwise_kernel<(int)128, (int)4, void at::native::gpu_index_kernel<void at::native::index_kernel_impl<at::native::OpaqueType<(int)2>>(at::TensorIteratorBase &, c10::ArrayRef<long>, c10::ArrayRef<long>)::[lambda(char *, const char *, long) (instance 1)]>(at::TensorIteratorBase &, c10::ArrayRef<long>, c10::ArrayRef<long>, const T1 &, bool)::[lambda(int) (instance 1)]>(long, T3)","void at::native::index_elementwise_kernel<(int)128, (int)4, void at::native::gpu_index_kernel<void at::native::index_kernel_impl<at::native::OpaqueType<(int)2>>(at::TensorIterat...",memory_elementwise,2400,8.61754,3.590641666666667,4.864
"void at_cuda_detail::cub::detail::radix_sort::DeviceRadixSortExclusiveSumKernel<at_cuda_detail::cub::detail::radix::policy_hub<int, at_cuda_detail::cub::NullType, unsigned long long>::Policy1000, unsigned long long>(T2 *)","void at_cuda_detail::cub::detail::radix_sort::DeviceRadixSortExclusiveSumKernel<at_cuda_detail::cub::detail::radix::policy_hub<int, at_cuda_detail::cub::NullType, unsigned long ...",other,2400,4.774041,1.98918375,20.608
"void at_cuda_detail::cub::detail::scan::DeviceScanKernel<at_cuda_detail::cub::detail::scan::policy_hub<long, long, long, unsigned int, std::plus<long>>::Policy1000, const long *, long *, at_cuda_detail::cub::ScanTileState<long, (bool)1>, std::plus<long>, at_cuda_detail::cub::NullType, unsigned int, long, (bool)0, at_cuda_detail::cub::NullType>(T2, T3, T4, int, T5, T6, T7)","void at_cuda_detail::cub::detail::scan::DeviceScanKernel<at_cuda_detail::cub::detail::scan::policy_hub<long, long, long, unsigned int, std::plus<long>>::Policy1000, const long *...",other,2400,4.281241,1.7838504166666667,3.424
"void at_cuda_detail::cub::detail::scan::DeviceCompactInitKernel<at_cuda_detail::cub::ScanTileState<int, (bool)1>, long *>(T1, int, T2)","void at_cuda_detail::cub::detail::scan::DeviceCompactInitKernel<at_cuda_detail::cub::ScanTileState<int, (bool)1>, long *>(T1, int, T2)",other,2400,3.010551,1.25439625,6.656
"void at_cuda_detail::cub::detail::scan::DeviceScanInitKernel<at_cuda_detail::cub::ScanTileState<long, (bool)1>>(T1, int)","void at_cuda_detail::cub::detail::scan::DeviceScanInitKernel<at_cuda_detail::cub::ScanTileState<long, (bool)1>>(T1, int)",other,2400,2.007055,0.8362729166666667,2.08
