id,name,short_name,category,count,request_window_ms,raw_event_ms,avg_overlap_us
49,"void deep_gemm::sm90_fp8_gemm_1d2d_impl<(cute::UMMA::Major)0, (unsigned int)0, (unsigned int)0, (unsigned int)0, (unsigned int)1, (unsigned int)16, (unsigned int)48, (unsigned int)128, (unsigned int)128, (unsigned int)128, (unsigned int)32, (unsigned int)16, (unsigned int)128, (unsigned int)128, (unsigned int)1, (bool)0, (unsigned int)132, (deep_gemm::GemmType)0, deep_gemm::epilogue::transform::EpilogueIdentity>(float *, int *, unsigned int, unsigned int, unsigned int, CUtensorMap_st, CUtensorMap_st, CUtensorMap_st, CUtensorMap_st)","void deep_gemm::sm90_fp8_gemm_1d2d_impl<(cute::UMMA::Major)0, (unsigned int)0, (unsigned int)0, (unsigned int)0, (unsigned int)1, (unsigned int)16, (unsigned int)48, (unsigned i...",gemm_moe,39936,895.268372,895.268372,22.417577
25,"void deep_gemm::sm90_fp8_gemm_1d2d_impl<(cute::UMMA::Major)0, (unsigned int)0, (unsigned int)0, (unsigned int)0, (unsigned int)1, (unsigned int)16, (unsigned int)32, (unsigned int)128, (unsigned int)128, (unsigned int)128, (unsigned int)64, (unsigned int)16, (unsigned int)128, (unsigned int)128, (unsigned int)1, (bool)0, (unsigned int)132, (deep_gemm::GemmType)0, deep_gemm::epilogue::transform::EpilogueIdentity>(float *, int *, unsigned int, unsigned int, unsigned int, CUtensorMap_st, CUtensorMap_st, CUtensorMap_st, CUtensorMap_st)","void deep_gemm::sm90_fp8_gemm_1d2d_impl<(cute::UMMA::Major)0, (unsigned int)0, (unsigned int)0, (unsigned int)0, (unsigned int)1, (unsigned int)16, (unsigned int)32, (unsigned i...",gemm_moe,39936,514.379759,514.379759,12.880102
64,"void deep_ep::internode_ll::combine<(bool)0, (int)6144, (int)11, (int)4>(void *, void *, int *, void *, const void *, const long *, const float *, const int *, const long *, long *, int *, int, int *, int, int, int, int, int, int, int, int, int, int, bool)","void deep_ep::internode_ll::combine<(bool)0, (int)6144, (int)11, (int)4>(void *, void *, int *, void *, const void *, const long *, const float *, const int *, const long *, lon...",deepep_exchange,38400,475.184931,475.184931,12.374608
59,"void deep_ep::internode_ll::dispatch<(bool)1, (bool)0, (int)6144>(void *, void *, int *, long *, int *, int *, long *, void *, int *, void *, const void *, const long *, int *, int *, int *, int, int, int, int, int, int, int, int, int, bool, int)","void deep_ep::internode_ll::dispatch<(bool)1, (bool)0, (int)6144>(void *, void *, int *, long *, int *, int *, long *, void *, int *, void *, const void *, const long *, int *, ...",deepep_exchange,38400,333.502921,333.502921,8.684972
60,"void deep_gemm::sm90_fp8_gemm_1d2d_impl<(cute::UMMA::Major)0, (unsigned int)0, (unsigned int)4096, (unsigned int)6144, (unsigned int)32, (unsigned int)64, (unsigned int)128, (unsigned int)128, (unsigned int)128, (unsigned int)128, (unsigned int)128, (unsigned int)8, (unsigned int)128, (unsigned int)128, (unsigned int)2, (bool)0, (unsigned int)132, (deep_gemm::GemmType)2, deep_gemm::epilogue::transform::EpilogueIdentity>(float *, int *, unsigned int, unsigned int, unsigned int, CUtensorMap_st, CUtensorMap_st, CUtensorMap_st, CUtensorMap_st)","void deep_gemm::sm90_fp8_gemm_1d2d_impl<(cute::UMMA::Major)0, (unsigned int)0, (unsigned int)4096, (unsigned int)6144, (unsigned int)32, (unsigned int)64, (unsigned int)128, (un...",gemm_moe,19200,269.337547,269.337547,14.027997
29,"void deep_gemm::sm90_fp8_gemm_1d2d_impl<(cute::UMMA::Major)0, (unsigned int)0, (unsigned int)0, (unsigned int)0, (unsigned int)1, (unsigned int)16, (unsigned int)128, (unsigned int)128, (unsigned int)128, (unsigned int)128, (unsigned int)128, (unsigned int)12, (unsigned int)128, (unsigned int)128, (unsigned int)1, (bool)0, (unsigned int)132, (deep_gemm::GemmType)0, deep_gemm::epilogue::transform::EpilogueIdentity>(float *, int *, unsigned int, unsigned int, unsigned int, CUtensorMap_st, CUtensorMap_st, CUtensorMap_st, CUtensorMap_st)","void deep_gemm::sm90_fp8_gemm_1d2d_impl<(cute::UMMA::Major)0, (unsigned int)0, (unsigned int)0, (unsigned int)0, (unsigned int)1, (unsigned int)16, (unsigned int)128, (unsigned ...",gemm_moe,19968,244.250521,244.250521,12.232097
42,nvjet_sm90_tst_256x8_64x6_2x1_v_bz_TNT,nvjet_sm90_tst_256x8_64x6_2x1_v_bz_TNT,other,20224,227.962259,227.962259,11.271868
47,"void smxx::decode::flash_fwd_mla_combine_kernel<cutlass::bfloat16_t, (int)512, (int)8, (int)160, (int)256>(CombineParams)","void smxx::decode::flash_fwd_mla_combine_kernel<cutlass::bfloat16_t, (int)512, (int)8, (int)160, (int)256>(CombineParams)",attention,19968,224.852789,224.852789,11.260657
63,"void deep_gemm::sm90_fp8_gemm_1d2d_impl<(cute::UMMA::Major)0, (unsigned int)0, (unsigned int)6144, (unsigned int)2048, (unsigned int)32, (unsigned int)64, (unsigned int)192, (unsigned int)128, (unsigned int)128, (unsigned int)128, (unsigned int)128, (unsigned int)6, (unsigned int)128, (unsigned int)128, (unsigned int)2, (bool)0, (unsigned int)132, (deep_gemm::GemmType)2, deep_gemm::epilogue::transform::EpilogueIdentity>(float *, int *, unsigned int, unsigned int, unsigned int, CUtensorMap_st, CUtensorMap_st, CUtensorMap_st, CUtensorMap_st)","void deep_gemm::sm90_fp8_gemm_1d2d_impl<(cute::UMMA::Major)0, (unsigned int)0, (unsigned int)6144, (unsigned int)2048, (unsigned int)32, (unsigned int)64, (unsigned int)192, (un...",gemm_moe,19200,207.170729,207.170729,10.790142
46,"void sm90::decode::sparse_fp8::flash_fwd_splitkv_mla_fp8_sparse_kernel<sm90::decode::sparse_fp8::KernelTemplate<(ModelType)0, (int)64>, sm90::decode::sparse_fp8::KernelTemplate<(ModelType)0, (int)64>::TmaParams<cute::tuple<int, int, int, int>, cute::TiledCopy<cute::Copy_Atom<cute::Copy_Traits<cute::SM90_TMA_LOAD, cute::C<(int)65536>, cute::AuxTmaParams<cute::tuple<cute::ScaledBasis<cute::C<(int)1>, (int)1>, cute::ScaledBasis<cute::C<(int)1>, (int)0>, cute::ScaledBasis<cute::C<(int)1>, (int)2>, cute::ScaledBasis<cute::C<(int)1>, (int)3>>, const cute::Layout<cute::tuple<cute::C<(int)64>, cute::C<(int)64>, cute::C<(int)1>, cute::C<(int)1>>, cute::tuple<cute::ScaledBasis<cute::C<(int)1>, (int)1>, cute::ScaledBasis<cute::C<(int)1>, (int)0>, cute::ScaledBasis<cute::C<(int)1>, (int)2>, cute::ScaledBasis<cute::C<(int)1>, (int)3>>> &, const cute::Swizzle<(int)3, (int)4, (int)3> &>>, cutlass::bfloat16_t>, cute::Layout<cute::tuple<cute::C<(int)1>, cute::tuple<cute::tuple<cute::tuple<cute::C<(int)64>, cute::C<(int)64>>, cute::C<(int)9>>>>, cute::tuple<cute::C<(int)0>, cute::tuple<cute::tuple<cute::tuple<cute::C<(int)64>, cute::C<(int)1>>, cute::C<(int)4096>>>>>, cute::tuple<cute::C<(int)64>, cute::C<(int)576>>>>>(SparseAttnDecodeParams, T2)","void sm90::decode::sparse_fp8::flash_fwd_splitkv_mla_fp8_sparse_kernel<sm90::decode::sparse_fp8::KernelTemplate<(ModelType)0, (int)64>, sm90::decode::sparse_fp8::KernelTemplate<...",attention,19968,180.773388,180.773388,9.053154
57,"void <unnamed>::grouped_topk_single_group_kernel<(int)256>(const float *, float *, int *, const float *, long, long, long, bool, float)","void <unnamed>::grouped_topk_single_group_kernel<(int)256>(const float *, float *, int *, const float *, long, long, long, bool, float)",moe_routing,19200,154.325595,154.325595,8.037791
24,"void <unnamed>::per_token_group_quant_8bit_v2_kernel<<unnamed>::NaiveScheduler, (int)128, (int)8, __nv_bfloat16, __nv_fp8_e4m3, (bool)1, (bool)0, (bool)0, (bool)1, float>(const T4 *, T5 *, T10 *, const int *, int, int, int, int, int)","void <unnamed>::per_token_group_quant_8bit_v2_kernel<<unnamed>::NaiveScheduler, (int)128, (int)8, __nv_bfloat16, __nv_fp8_e4m3, (bool)1, (bool)0, (bool)0, (bool)1, float>(const ...",gemm_moe,110592,148.779642,148.779642,1.345302
48,nvjet_sm90_tst_128x8_64x12_2x1_v_bz_TNT,nvjet_sm90_tst_128x8_64x12_2x1_v_bz_TNT,other,19968,128.052319,128.052319,6.412877
50,kernel_cutlass_kernel_flashinfernormkernelsfused_add_rmsnormFusedAddRMSNormKernel_object_at__tensorptrbf16gmemalign128o614461441_tensorptrbf16gmemalign128o614461441_tensorptrbf16gmemalign_0,kernel_cutlass_kernel_flashinfernormkernelsfused_add_rmsnormFusedAddRMSNormKernel_object_at__tensorptrbf16gmemalign128o614461441_tensorptrbf16gmemalign128o614461441_tensorptrbf1...,attention,39936,123.184644,123.184644,3.084551
54,nvjet_sm90_tst_64x8_64x16_4x1_v_bz_splitK_TNT,nvjet_sm90_tst_64x8_64x16_4x1_v_bz_splitK_TNT,other,19200,91.781467,91.781467,4.780285
61,"void <unnamed>::silu_mul_quant_varlen_kernel<(bool)0, (bool)0, (bool)0, (bool)1, (bool)0>(<unnamed>::SiluMulQuantVarlenParams)","void <unnamed>::silu_mul_quant_varlen_kernel<(bool)0, (bool)0, (bool)0, (bool)1, (bool)0>(<unnamed>::SiluMulQuantVarlenParams)",norm_rope_quant,19200,80.976944,80.976944,4.217549
58,<unnamed>::mask_topk_ids_padded_region(<unnamed>::TopKParams),<unnamed>::mask_topk_ids_padded_region(<unnamed>::TopKParams),moe_routing,19200,80.834869,80.834869,4.210149
33,"void deep_gemm::sm90_fp8_gemm_1d2d_impl<(cute::UMMA::Major)0, (unsigned int)0, (unsigned int)0, (unsigned int)0, (unsigned int)1, (unsigned int)16, (unsigned int)16, (unsigned int)128, (unsigned int)128, (unsigned int)128, (unsigned int)32, (unsigned int)16, (unsigned int)128, (unsigned int)128, (unsigned int)1, (bool)0, (unsigned int)132, (deep_gemm::GemmType)0, deep_gemm::epilogue::transform::EpilogueIdentity>(float *, int *, unsigned int, unsigned int, unsigned int, CUtensorMap_st, CUtensorMap_st, CUtensorMap_st, CUtensorMap_st)","void deep_gemm::sm90_fp8_gemm_1d2d_impl<(cute::UMMA::Major)0, (unsigned int)0, (unsigned int)0, (unsigned int)0, (unsigned int)1, (unsigned int)16, (unsigned int)16, (unsigned i...",gemm_moe,5376,59.959515,59.959515,11.153184
28,nvjet_sm90_tss_64x8_64x16_1x1_h_bz_splitK_TNT,nvjet_sm90_tss_64x8_64x16_1x1_h_bz_splitK_TNT,other,5376,55.836657,55.836657,10.386283
53,ncclDevKernel_ReduceScatter_Sum_bf16_RING_LL(ncclDevKernelArgsStorage<(unsigned long)4096>),ncclDevKernel_ReduceScatter_Sum_bf16_RING_LL(ncclDevKernelArgsStorage<(unsigned long)4096>),nccl_sync,768,53.752875,53.752875,69.990723
51,ncclDevKernel_AllGather_RING_LL(ncclDevKernelArgsStorage<(unsigned long)4096>),ncclDevKernel_AllGather_RING_LL(ncclDevKernelArgsStorage<(unsigned long)4096>),nccl_sync,768,47.445566,47.445566,61.778081
62,"void deep_gemm::transpose_fp32<(unsigned int)512, (unsigned int)64, (unsigned int)16, (unsigned int)17>(const float *, float *, unsigned int)","void deep_gemm::transpose_fp32<(unsigned int)512, (unsigned int)64, (unsigned int)16, (unsigned int)17>(const float *, float *, unsigned int)",gemm_moe,19200,41.835803,41.835803,2.178948
26,kernel_cutlass_kernel_flashinfernormkernelsrmsnormRMSNormKernel_object_at__tensorptrbf16gmemalign128o204820481_tensorptrbf16gmemalign16o20481_tensorptrbf16gmemalign128o204820481___True_4__0,kernel_cutlass_kernel_flashinfernormkernelsrmsnormRMSNormKernel_object_at__tensorptrbf16gmemalign128o204820481_tensorptrbf16gmemalign16o20481_tensorptrbf16gmemalign128o204820481...,attention,19968,40.762042,40.762042,2.041368
45,"<unnamed>::concat_mla_absorb_q_kernel(__nv_bfloat16 *, __nv_bfloat16 *, __nv_bfloat16 *, int, int, long, int, long, int, long, int)","<unnamed>::concat_mla_absorb_q_kernel(__nv_bfloat16 *, __nv_bfloat16 *, __nv_bfloat16 *, int, int, long, int, long, int, long, int)",attention,19968,39.132978,39.132978,1.959785
35,"void <unnamed>::fused_rope_kernel<(bool)0, (long)64, (bool)1, __nv_bfloat16, long, (unsigned int)8>(<unnamed>::FusedRopeParams)","void <unnamed>::fused_rope_kernel<(bool)0, (long)64, (bool)1, __nv_bfloat16, long, (unsigned int)8>(<unnamed>::FusedRopeParams)",norm_rope_quant,25344,39.073261,39.073261,1.541716
32,"void deep_gemm::sm90_fp8_gemm_1d2d_impl<(cute::UMMA::Major)0, (unsigned int)0, (unsigned int)0, (unsigned int)0, (unsigned int)1, (unsigned int)16, (unsigned int)64, (unsigned int)128, (unsigned int)128, (unsigned int)128, (unsigned int)128, (unsigned int)16, (unsigned int)128, (unsigned int)128, (unsigned int)1, (bool)0, (unsigned int)72, (deep_gemm::GemmType)0, deep_gemm::epilogue::transform::EpilogueIdentity>(float *, int *, unsigned int, unsigned int, unsigned int, CUtensorMap_st, CUtensorMap_st, CUtensorMap_st, CUtensorMap_st)","void deep_gemm::sm90_fp8_gemm_1d2d_impl<(cute::UMMA::Major)0, (unsigned int)0, (unsigned int)0, (unsigned int)0, (unsigned int)1, (unsigned int)16, (unsigned int)64, (unsigned i...",gemm_moe,5376,38.923614,38.923614,7.240256
56,"void at::native::unrolled_elementwise_kernel<at::native::direct_copy_kernel_cuda(at::TensorIteratorBase &)::[lambda() (instance 3)]::operator ()() const::[lambda() (instance 7)]::operator ()() const::[lambda(float) (instance 1)], std::array<char *, (unsigned long)2>, (int)4, TrivialOffsetCalculator<(int)1, unsigned int>, TrivialOffsetCalculator<(int)1, unsigned int>, at::native::memory::LoadWithCast<(int)1>, at::native::memory::StoreWithCast<(int)1>>(int, T1, T2, T4, T5, T6, T7)",void at::native::unrolled_elementwise_kernel<at::native::direct_copy_kernel_cuda(at::TensorIteratorBase &)::[lambda() (instance 3)]::operator ()() const::[lambda() (instance 7)]...,memory_elementwise,19456,34.719264,34.719264,1.784502
52,"void <unnamed>::act_and_mul_kernel<__nv_bfloat16, (<unnamed>::ActivationKind)0, (bool)1, (bool)0>(<unnamed>::ActivationParams)","void <unnamed>::act_and_mul_kernel<__nv_bfloat16, (<unnamed>::ActivationKind)0, (bool)1, (bool)0>(<unnamed>::ActivationParams)",memory_elementwise,19968,32.65157,32.65157,1.635195
55,"void cublasLt::splitKreduce_kernel<(int)32, (int)16, int, float, __nv_bfloat16, float, __nv_bfloat16, (bool)0, float, __nv_bfloat16, __nv_bfloat16, (bool)1, (bool)0, (bool)0, (bool)0>(cublasLt::cublasSplitKParams<T6>, const T4 *, const T10 *, T9 *, T5 *, const T6 *, const T6 *, const T11 *, const T4 *, T11 *, void *, long, T6 *, int *, T6 *, T6 *, const T6 *, const T6 *, const T6 *, const T6 *, const T6 *)","void cublasLt::splitKreduce_kernel<(int)32, (int)16, int, float, __nv_bfloat16, float, __nv_bfloat16, (bool)0, float, __nv_bfloat16, __nv_bfloat16, (bool)1, (bool)0, (bool)0, (b...",memory_elementwise,19200,32.016766,32.016766,1.66754
27,kernel_cutlass_kernel_flashinfernormkernelsrmsnormRMSNormKernel_object_at__tensorptrbf16gmemalign128o5125121_tensorptrbf16gmemalign16o5121_tensorptrbf16gmemalign128o5125121___True_4_512_0,kernel_cutlass_kernel_flashinfernormkernelsrmsnormRMSNormKernel_object_at__tensorptrbf16gmemalign128o5125121_tensorptrbf16gmemalign16o5121_tensorptrbf16gmemalign128o5125121___Tr...,attention,19968,30.666378,30.666378,1.535776
2,"void at::native::unrolled_elementwise_kernel<at::native::direct_copy_kernel_cuda(at::TensorIteratorBase &)::[lambda() (instance 3)]::operator ()() const::[lambda() (instance 4)]::operator ()() const::[lambda(long) (instance 1)], std::array<char *, (unsigned long)2>, (int)4, TrivialOffsetCalculator<(int)1, unsigned int>, TrivialOffsetCalculator<(int)1, unsigned int>, at::native::memory::LoadWithCast<(int)1>, at::native::memory::StoreWithCast<(int)1>>(int, T1, T2, T4, T5, T6, T7)",void at::native::unrolled_elementwise_kernel<at::native::direct_copy_kernel_cuda(at::TensorIteratorBase &)::[lambda() (instance 3)]::operator ()() const::[lambda() (instance 4)]...,memory_elementwise,19458,24.882514,24.882514,1.278781
43,_quantize_k_cache_fast_kernel,_quantize_k_cache_fast_kernel,norm_rope_quant,19968,24.0922,24.0922,1.20654
65,"void at::native::vectorized_elementwise_kernel<(int)8, at::native::CUDAFunctor_add<c10::BFloat16>, std::array<char *, (unsigned long)3>>(int, T2, T3)","void at::native::vectorized_elementwise_kernel<(int)8, at::native::CUDAFunctor_add<c10::BFloat16>, std::array<char *, (unsigned long)3>>(int, T2, T3)",memory_elementwise,19200,23.812751,23.812751,1.240247
44,set_mla_kv_buffer_kernel,set_mla_kv_buffer_kernel,attention,19968,23.066822,23.066822,1.155189
30,"void cublasLt::splitKreduce_kernel<(int)32, (int)16, int, float, float, float, float, (bool)0, float, float, float, (bool)1, (bool)0, (bool)0, (bool)0>(cublasLt::cublasSplitKParams<T6>, const T4 *, const T10 *, T9 *, T5 *, const T6 *, const T6 *, const T11 *, const T4 *, T11 *, void *, long, T6 *, int *, T6 *, T6 *, const T6 *, const T6 *, const T6 *, const T6 *, const T6 *)","void cublasLt::splitKreduce_kernel<(int)32, (int)16, int, float, float, float, float, (bool)0, float, float, float, (bool)1, (bool)0, (bool)0, (bool)0>(cublasLt::cublasSplitKPar...",memory_elementwise,5376,22.290699,22.290699,4.146335
41,"<unnamed>::topk_transform_decode_kernel(<unnamed>::FastTopKParams, int *, const int *, long)","<unnamed>::topk_transform_decode_kernel(<unnamed>::FastTopKParams, int *, const int *, long)",moe_routing,5376,19.885812,19.885812,3.698998
40,"void deep_gemm::sm90_fp8_paged_mqa_logits<(unsigned int)1, (unsigned int)32, (unsigned int)128, (unsigned int)64, (bool)1, (bool)0, (unsigned int)3, (unsigned int)3, (unsigned int)256, (unsigned int)128, (unsigned int)512, float>(unsigned int, unsigned int, unsigned int, const unsigned int *, T12 *, const unsigned int *, const unsigned int *, const unsigned int *, CUtensorMap_st, CUtensorMap_st, CUtensorMap_st, CUtensorMap_st)","void deep_gemm::sm90_fp8_paged_mqa_logits<(unsigned int)1, (unsigned int)32, (unsigned int)128, (unsigned int)64, (bool)1, (bool)0, (unsigned int)3, (unsigned int)3, (unsigned i...",attention,5376,17.566487,17.566487,3.267576
36,"void <unnamed>::fast_hadamard_transform_kernel<<unnamed>::FastHadamardKernelTraits<(int)16, (int)7, __nv_bfloat16>>(HadamardParamsBase)","void <unnamed>::fast_hadamard_transform_kernel<<unnamed>::FastHadamardKernelTraits<(int)16, (int)7, __nv_bfloat16>>(HadamardParamsBase)",other,10752,13.622768,13.622768,1.266999
38,_act_quant_kernel,_act_quant_kernel,norm_rope_quant,5376,8.894413,8.894413,1.654467
34,kernel_cutlass_kernel_flashinfernormkernelslayernormLayerNormKernel_object_at__tensorptrbf16gmemalign16o128div41_tensorptrbf16gmemalign16o128div41_tensorptrf32gmemalign16o1281_tensorptrf3_0,kernel_cutlass_kernel_flashinfernormkernelslayernormLayerNormKernel_object_at__tensorptrbf16gmemalign16o128div41_tensorptrbf16gmemalign16o128div41_tensorptrf32gmemalign16o1281_t...,attention,5376,7.605419,7.605419,1.414698
37,"void <unnamed>::fused_store_indexer_cache<__nv_bfloat16, long, (unsigned int)6, (bool)1>(<unnamed>::FusedStoreCacheParam)","void <unnamed>::fused_store_indexer_cache<__nv_bfloat16, long, (unsigned int)6, (bool)1>(<unnamed>::FusedStoreCacheParam)",memory_elementwise,5376,6.717385,6.717385,1.249514
20,smxx::decode::get_mla_metadata_kernel(GetDecodeSchedMetaParams),smxx::decode::get_mla_metadata_kernel(GetDecodeSchedMetaParams),attention,256,6.514027,6.514027,25.445418
39,triton_poi_fused_mul_unsqueeze_0,triton_poi_fused_mul_unsqueeze_0,other,5376,5.385544,5.385544,1.001775
31,triton_poi_fused_mul_0,triton_poi_fused_mul_0,other,5376,5.19918,5.19918,0.967109
5,"void at::native::index_elementwise_kernel<(int)128, (int)4, void at::native::gpu_index_kernel<void at::native::index_kernel_impl<at::native::OpaqueType<(int)4>>(at::TensorIteratorBase &, c10::ArrayRef<long>, c10::ArrayRef<long>)::[lambda(char *, const char *, long) (instance 1)]>(at::TensorIteratorBase &, c10::ArrayRef<long>, c10::ArrayRef<long>, const T1 &, bool)::[lambda(int) (instance 1)]>(long, T3)","void at::native::index_elementwise_kernel<(int)128, (int)4, void at::native::gpu_index_kernel<void at::native::index_kernel_impl<at::native::OpaqueType<(int)4>>(at::TensorIterat...",memory_elementwise,544,1.057058,1.057058,1.943121
16,"void at::native::vectorized_elementwise_kernel<(int)2, at::native::FillFunctor<long>, std::array<char *, (unsigned long)1>>(int, T2, T3)","void at::native::vectorized_elementwise_kernel<(int)2, at::native::FillFunctor<long>, std::array<char *, (unsigned long)1>>(int, T2, T3)",memory_elementwise,1120,0.852129,0.852129,0.760829
15,"void at_cuda_detail::cub::detail::scan::DeviceScanKernel<at_cuda_detail::cub::detail::scan::policy_hub<int, int, int, unsigned int, std::plus<int>>::Policy1000, const int *, int *, at_cuda_detail::cub::ScanTileState<int, (bool)1>, std::plus<int>, at_cuda_detail::cub::NullType, unsigned int, int, (bool)0, at_cuda_detail::cub::NullType>(T2, T3, T4, int, T5, T6, T7)","void at_cuda_detail::cub::detail::scan::DeviceScanKernel<at_cuda_detail::cub::detail::scan::policy_hub<int, int, int, unsigned int, std::plus<int>>::Policy1000, const int *, int...",other,512,0.674851,0.674851,1.318068
23,kernel_cutlass_kernel_flashinfernormkernelsrmsnormRMSNormKernel_object_at__tensorptrbf16gmemalign128o614461441_tensorptrbf16gmemalign16o61441_tensorptrbf16gmemalign128o614461441___True_2__0,kernel_cutlass_kernel_flashinfernormkernelsrmsnormRMSNormKernel_object_at__tensorptrbf16gmemalign128o614461441_tensorptrbf16gmemalign16o61441_tensorptrbf16gmemalign128o614461441...,attention,256,0.656769,0.656769,2.565504
12,"void at::native::vectorized_elementwise_kernel<(int)4, at::native::<unnamed>::launch_clamp_scalar(at::TensorIteratorBase &, c10::Scalar, c10::Scalar, at::native::detail::ClampLimits)::[lambda() (instance 1)]::operator ()() const::[lambda() (instance 3)]::operator ()() const::[lambda(int) (instance 1)], std::array<char *, (unsigned long)2>>(int, T2, T3)","void at::native::vectorized_elementwise_kernel<(int)4, at::native::<unnamed>::launch_clamp_scalar(at::TensorIteratorBase &, c10::Scalar, c10::Scalar, at::native::detail::ClampLi...",memory_elementwise,512,0.534945,0.534945,1.044814
21,"void at::native::<unnamed>::indexSelectSmallIndex<c10::BFloat16, long, unsigned int, (int)2, (int)2, (int)-2>(at::cuda::detail::TensorInfo<T1, T3>, at::cuda::detail::TensorInfo<const T1, T3>, at::cuda::detail::TensorInfo<const T2, T3>, int, int, T3, long)","void at::native::<unnamed>::indexSelectSmallIndex<c10::BFloat16, long, unsigned int, (int)2, (int)2, (int)-2>(at::cuda::detail::TensorInfo<T1, T3>, at::cuda::detail::TensorInfo<...",memory_elementwise,256,0.500866,0.500866,1.956508
17,"void deep_gemm::sched::smxx_paged_mqa_logits_metadata<(unsigned int)32, (unsigned int)256, (unsigned int)132, (bool)0>(unsigned int, unsigned int, bool, const unsigned int *, const unsigned int *, unsigned int *)","void deep_gemm::sched::smxx_paged_mqa_logits_metadata<(unsigned int)32, (unsigned int)256, (unsigned int)132, (bool)0>(unsigned int, unsigned int, bool, const unsigned int *, co...",attention,256,0.500096,0.500096,1.9535
13,"void at::native::vectorized_elementwise_kernel<(int)4, at::native::FillFunctor<int>, std::array<char *, (unsigned long)1>>(int, T2, T3)","void at::native::vectorized_elementwise_kernel<(int)4, at::native::FillFunctor<int>, std::array<char *, (unsigned long)1>>(int, T2, T3)",memory_elementwise,512,0.38701,0.38701,0.755879
19,"void at::native::vectorized_elementwise_kernel<(int)4, at::native::BUnaryFunctor<int, int, int, at::native::binary_internal::div_floor_kernel_cuda(at::TensorIteratorBase &)::[lambda() (instance 1)]::operator ()() const::[lambda() (instance 3)]::operator ()() const::[lambda(int, int) (instance 1)]>, std::array<char *, (unsigned long)2>>(int, T2, T3)","void at::native::vectorized_elementwise_kernel<(int)4, at::native::BUnaryFunctor<int, int, int, at::native::binary_internal::div_floor_kernel_cuda(at::TensorIteratorBase &)::[la...",memory_elementwise,257,0.379394,0.379394,1.476241
14,"void at_cuda_detail::cub::detail::scan::DeviceScanInitKernel<at_cuda_detail::cub::ScanTileState<int, (bool)1>>(T1, int)","void at_cuda_detail::cub::detail::scan::DeviceScanInitKernel<at_cuda_detail::cub::ScanTileState<int, (bool)1>>(T1, int)",other,512,0.378977,0.378977,0.740189
1,"void at::native::unrolled_elementwise_kernel<at::native::direct_copy_kernel_cuda(at::TensorIteratorBase &)::[lambda() (instance 3)]::operator ()() const::[lambda() (instance 3)]::operator ()() const::[lambda(int) (instance 1)], std::array<char *, (unsigned long)2>, (int)4, TrivialOffsetCalculator<(int)1, unsigned int>, TrivialOffsetCalculator<(int)1, unsigned int>, at::native::memory::LoadWithCast<(int)1>, at::native::memory::StoreWithCast<(int)1>>(int, T1, T2, T4, T5, T6, T7)",void at::native::unrolled_elementwise_kernel<at::native::direct_copy_kernel_cuda(at::TensorIteratorBase &)::[lambda() (instance 3)]::operator ()() const::[lambda() (instance 3)]...,memory_elementwise,289,0.359745,0.359745,1.244792
22,"void at::native::vectorized_elementwise_kernel<(int)4, at::native::FillFunctor<float>, std::array<char *, (unsigned long)1>>(int, T2, T3)","void at::native::vectorized_elementwise_kernel<(int)4, at::native::FillFunctor<float>, std::array<char *, (unsigned long)1>>(int, T2, T3)",memory_elementwise,256,0.307489,0.307489,1.201129
8,"void at::native::vectorized_elementwise_kernel<(int)4, at::native::CUDAFunctorOnSelf_add<int>, std::array<char *, (unsigned long)2>>(int, T2, T3)","void at::native::vectorized_elementwise_kernel<(int)4, at::native::CUDAFunctorOnSelf_add<int>, std::array<char *, (unsigned long)2>>(int, T2, T3)",memory_elementwise,288,0.299168,0.299168,1.038778
66,"void at::native::reduce_kernel<(int)512, (int)1, at::native::ReduceOp<float, at::native::ArgMaxOps<float>, unsigned int, long, (int)4, (int)4>>(T3)","void at::native::reduce_kernel<(int)512, (int)1, at::native::ReduceOp<float, at::native::ArgMaxOps<float>, unsigned int, long, (int)4, (int)4>>(T3)",memory_elementwise,32,0.260608,0.260608,8.144
4,"void at::native::vectorized_elementwise_kernel<(int)2, at::native::CUDAFunctorOnSelf_add<long>, std::array<char *, (unsigned long)2>>(int, T2, T3)","void at::native::vectorized_elementwise_kernel<(int)2, at::native::CUDAFunctorOnSelf_add<long>, std::array<char *, (unsigned long)2>>(int, T2, T3)",memory_elementwise,128,0.254176,0.254176,1.98575
18,"void <unnamed>::elementwise_kernel_with_index<int, at::native::arange_cuda_out(const c10::Scalar &, const c10::Scalar &, const c10::Scalar &, at::Tensor &)::[lambda() (instance 1)]::operator ()() const::[lambda() (instance 3)]::operator ()() const::[lambda(long) (instance 1)]>(T1, T2, function_traits<T2>::result_type *)","void <unnamed>::elementwise_kernel_with_index<int, at::native::arange_cuda_out(const c10::Scalar &, const c10::Scalar &, const c10::Scalar &, at::Tensor &)::[lambda() (instance ...",memory_elementwise,256,0.185024,0.185024,0.72275
3,"void at::native::index_elementwise_kernel<(int)128, (int)4, void at::native::gpu_index_kernel<void at::native::index_put_kernel_impl<at::native::OpaqueType<(int)8>>(at::TensorIterator &, c10::ArrayRef<long>, c10::ArrayRef<long>)::[lambda(char *, const char *, long) (instance 1)]>(at::TensorIteratorBase &, c10::ArrayRef<long>, c10::ArrayRef<long>, const T1 &, bool)::[lambda(int) (instance 1)]>(long, T3)","void at::native::index_elementwise_kernel<(int)128, (int)4, void at::native::gpu_index_kernel<void at::native::index_put_kernel_impl<at::native::OpaqueType<(int)8>>(at::TensorIt...",memory_elementwise,65,0.106912,0.106912,1.6448
7,"void at::native::index_elementwise_kernel<(int)128, (int)4, void at::native::gpu_index_kernel<void at::native::index_put_kernel_impl<at::native::OpaqueType<(int)4>>(at::TensorIterator &, c10::ArrayRef<long>, c10::ArrayRef<long>)::[lambda(char *, const char *, long) (instance 1)]>(at::TensorIteratorBase &, c10::ArrayRef<long>, c10::ArrayRef<long>, const T1 &, bool)::[lambda(int) (instance 1)]>(long, T3)","void at::native::index_elementwise_kernel<(int)128, (int)4, void at::native::gpu_index_kernel<void at::native::index_put_kernel_impl<at::native::OpaqueType<(int)4>>(at::TensorIt...",memory_elementwise,32,0.09936,0.09936,3.105
6,alloc_decode_kernel,alloc_decode_kernel,other,32,0.096608,0.096608,3.019
9,"void at::native::index_elementwise_kernel<(int)128, (int)4, void at::native::gpu_index_kernel<void at::native::index_kernel_impl<at::native::OpaqueType<(int)8>>(at::TensorIteratorBase &, c10::ArrayRef<long>, c10::ArrayRef<long>)::[lambda(char *, const char *, long) (instance 1)]>(at::TensorIteratorBase &, c10::ArrayRef<long>, c10::ArrayRef<long>, const T1 &, bool)::[lambda(int) (instance 1)]>(long, T3)","void at::native::index_elementwise_kernel<(int)128, (int)4, void at::native::gpu_index_kernel<void at::native::index_kernel_impl<at::native::OpaqueType<(int)8>>(at::TensorIterat...",memory_elementwise,32,0.057376,0.057376,1.793
11,"void at::native::<unnamed>::multi_tensor_apply_kernel<at::native::<unnamed>::TensorListMetadata<(int)2>, at::native::<unnamed>::UnaryOpFunctor<long, (int)2, (int)1, (int)1>, at::native::Copy<long, long>>(T1, T2, T3...)","void at::native::<unnamed>::multi_tensor_apply_kernel<at::native::<unnamed>::TensorListMetadata<(int)2>, at::native::<unnamed>::UnaryOpFunctor<long, (int)2, (int)1, (int)1>, at:...",memory_elementwise,32,0.040704,0.040704,1.272
10,"void <unnamed>::clamp_position_kernel<long>(T1 *, const T1 *, unsigned long)","void <unnamed>::clamp_position_kernel<long>(T1 *, const T1 *, unsigned long)",other,32,0.033056,0.033056,1.033
69,"void at_cuda_detail::cub::detail::radix_sort::DeviceRadixSortOnesweepKernel<at_cuda_detail::cub::detail::radix::policy_hub<int, at_cuda_detail::cub::NullType, unsigned long long>::Policy1000, (at_cuda_detail::cub::SortOrder)0, int, at_cuda_detail::cub::NullType, unsigned long long, int, int, at_cuda_detail::cub::detail::identity_decomposer_t>(T7 *, T7 *, T5 *, const T5 *, T3 *, const T3 *, T4 *, const T4 *, T6, int, int, T8)","void at_cuda_detail::cub::detail::radix_sort::DeviceRadixSortOnesweepKernel<at_cuda_detail::cub::detail::radix::policy_hub<int, at_cuda_detail::cub::NullType, unsigned long long...",other,4,0.022848,0.022848,5.712
0,alloc_extend_kernel,alloc_extend_kernel,other,1,0.004832,0.004832,4.832
71,"void at_cuda_detail::cub::detail::select::DeviceSelectSweepKernel<at_cuda_detail::cub::detail::select::policy_hub<int, at_cuda_detail::cub::NullType, int, (bool)0, (at_cuda_detail::cub::SelectImpl)0>::Policy1000, const int *, at_cuda_detail::cub::NullType *, int *, long *, at_cuda_detail::cub::ScanTileState<int, (bool)1>, at_cuda_detail::cub::NullType, cuda::std::__4::equal_to<void>, int, at_cuda_detail::cub::detail::select::streaming_context_t<long, (bool)1>, (at_cuda_detail::cub::SelectImpl)0>(T2, T3, T4, T5, T6, T7, T8, T9, int, T10, at_cuda_detail::cub::detail::vsmem_t)","void at_cuda_detail::cub::detail::select::DeviceSelectSweepKernel<at_cuda_detail::cub::detail::select::policy_hub<int, at_cuda_detail::cub::NullType, int, (bool)0, (at_cuda_deta...",other,1,0.003552,0.003552,3.552
67,"void at_cuda_detail::cub::detail::radix_sort::DeviceRadixSortHistogramKernel<at_cuda_detail::cub::detail::radix::policy_hub<int, at_cuda_detail::cub::NullType, unsigned long long>::Policy1000, (at_cuda_detail::cub::SortOrder)0, int, unsigned long long, at_cuda_detail::cub::detail::identity_decomposer_t>(T4 *, const T3 *, T4, int, int, T5)","void at_cuda_detail::cub::detail::radix_sort::DeviceRadixSortHistogramKernel<at_cuda_detail::cub::detail::radix::policy_hub<int, at_cuda_detail::cub::NullType, unsigned long lon...",other,1,0.00272,0.00272,2.72
68,"void at_cuda_detail::cub::detail::radix_sort::DeviceRadixSortExclusiveSumKernel<at_cuda_detail::cub::detail::radix::policy_hub<int, at_cuda_detail::cub::NullType, unsigned long long>::Policy1000, unsigned long long>(T2 *)","void at_cuda_detail::cub::detail::radix_sort::DeviceRadixSortExclusiveSumKernel<at_cuda_detail::cub::detail::radix::policy_hub<int, at_cuda_detail::cub::NullType, unsigned long ...",other,1,0.001248,0.001248,1.248
70,"void at_cuda_detail::cub::detail::scan::DeviceCompactInitKernel<at_cuda_detail::cub::ScanTileState<int, (bool)1>, long *>(T1, int, T2)","void at_cuda_detail::cub::detail::scan::DeviceCompactInitKernel<at_cuda_detail::cub::ScanTileState<int, (bool)1>, long *>(T1, int, T2)",other,1,0.000736,0.000736,0.736
